TMDB,Season,Episode,Link
121,1,1,https://archive.org/download/Season_1/Season%201/1.%20An%20Unearthly%20Child/An%20Unearthly%20Child%3A%201.%20An%20Unearthly%20Child.mp4
121,1,2,https://archive.org/download/Season_1/Season%201/1.%20An%20Unearthly%20Child/An%20Unearthly%20Child%3A%202.%20The%20Cave%20of%20Skulls.mp4
121,1,3,https://archive.org/download/Season_1/Season%201/1.%20An%20Unearthly%20Child/An%20Unearthly%20Child%3A%203.%20The%20Forest%20of%20Fear.mp4
121,1,4,https://archive.org/download/Season_1/Season%201/1.%20An%20Unearthly%20Child/An%20Unearthly%20Child%3A%204.%20The%20Firemaker.mp4
121,1,5,https://archive.org/download/Season_1/Season%201/2.%20The%20Daleks/The%20Daleks%3A%201.%20The%20Dead%20Planet.mp4|https://archive.org/download/Season_1/Season%201/2.%20The%20Daleks/The%20Daleks%3A%201.%20The%20Dead%20Planet.ia.mp4
121,1,6,https://archive.org/download/Season_1/Season%201/2.%20The%20Daleks/The%20Daleks%3A%202.%20The%20Survivors.mp4|https://archive.org/download/Season_1/Season%201/2.%20The%20Daleks/The%20Daleks%3A%202.%20The%20Survivors.ia.mp4
121,1,7,https://archive.org/download/Season_1/Season%201/2.%20The%20Daleks/The%20Daleks%3A%203.%20The%20Escape.mp4|https://archive.org/download/Season_1/Season%201/2.%20The%20Daleks/The%20Daleks%3A%203.%20The%20Escape.ia.mp4
121,1,8,https://archive.org/download/Season_1/Season%201/2.%20The%20Daleks/The%20Daleks%3A%204.%20The%20Ambush.mp4|https://archive.org/download/Season_1/Season%201/2.%20The%20Daleks/The%20Daleks%3A%204.%20The%20Ambush.ia.mp4
121,1,9,https://archive.org/download/Season_1/Season%201/2.%20The%20Daleks/The%20Daleks%3A%205.%20The%20Expedition.mp4|https://archive.org/download/Season_1/Season%201/2.%20The%20Daleks/The%20Daleks%3A%205.%20The%20Expedition.ia.mp4
121,1,10,https://archive.org/download/Season_1/Season%201/2.%20The%20Daleks/The%20Daleks%3A%206.%20The%20Ordeal.mp4|https://archive.org/download/Season_1/Season%201/2.%20The%20Daleks/The%20Daleks%3A%206.%20The%20Ordeal.ia.mp4
121,1,11,https://archive.org/download/Season_1/Season%201/2.%20The%20Daleks/The%20Daleks%3A%207.%20The%20Rescue.mp4|https://archive.org/download/Season_1/Season%201/2.%20The%20Daleks/The%20Daleks%3A%207.%20The%20Rescue.ia.mp4
121,1,12,https://archive.org/download/Season_1/Season%201/3.%20The%20Edge%20of%20Destruction/The%20Edge%20of%20Destruction%3A%201.%20The%20Edge%20of%20Destruction.mp4|https://archive.org/download/Season_1/Season%201/3.%20The%20Edge%20of%20Destruction/The%20Edge%20of%20Destruction%3A%201.%20The%20Edge%20of%20Destruction.ia.mp4
121,1,13,https://archive.org/download/Season_1/Season%201/3.%20The%20Edge%20of%20Destruction/The%20Edge%20of%20Destruction%3A%202.%20The%20Brink%20of%20Disaster.mp4|https://archive.org/download/Season_1/Season%201/3.%20The%20Edge%20of%20Destruction/The%20Edge%20of%20Destruction%3A%202.%20The%20Brink%20of%20Disaster.ia.mp4
121,1,14,https://archive.org/download/Season_1/Season%201/4.%20Marco%20Polo/1.%20The%20Roof%20of%20the%20World/Marco%20Polo%3A%201.%20The%20Roof%20of%20the%20World%20%28Updated%20Recreation%29.mp4
121,1,15,https://archive.org/download/Season_1/Season%201/4.%20Marco%20Polo/2.%20The%20Singing%20Sands/Marco%20Polo%3A%202.%20The%20Singing%20Sands%20%28Updated%20Recreation%29.mp4
121,1,16,https://archive.org/download/Season_1/Season%201/4.%20Marco%20Polo/3.%20Five%20Hundred%20Eyes/Marco%20Polo%3A%203.%20Five%20Hundred%20Eyes%20%28Updated%20Recreation%29.mp4
121,1,17,https://archive.org/download/Season_1/Season%201/4.%20Marco%20Polo/4.%20The%20Wall%20of%20Lies/Marco%20Polo%3A%204.%20The%20Wall%20of%20Lies%20%28Updated%20Recreation%29.mp4
121,1,18,https://archive.org/download/Season_1/Season%201/4.%20Marco%20Polo/5.%20Rider%20From%20Shang-Tu/Marco%20Polo%3A%205.%20Rider%20From%20Shang-Tu%20%28Updated%20Recreation%29.mp4
121,1,19,https://archive.org/download/Season_1/Season%201/4.%20Marco%20Polo/6.%20Mighty%20Kublai%20Khan/Marco%20Polo%3A%206.%20Mighty%20Kublai%20Khan%20%28Updated%20Recreation%29.mp4
121,1,20,https://archive.org/download/Season_1/Season%201/4.%20Marco%20Polo/7.%20Assassin%20at%20Peking/Marco%20Polo%3A%207.%20Assassin%20at%20Peking%20%28Updated%20Recreation%29.mp4
121,1,21,https://archive.org/download/Season_1/Season%201/5.%20The%20Keys%20of%20Marinus/The%20Keys%20of%20Marinus%3A%201.%20The%20Sea%20of%20Death.mp4|https://archive.org/download/Season_1/Season%201/5.%20The%20Keys%20of%20Marinus/The%20Keys%20of%20Marinus%3A%201.%20The%20Sea%20of%20Death.ia.mp4
121,1,22,https://archive.org/download/Season_1/Season%201/5.%20The%20Keys%20of%20Marinus/The%20Keys%20of%20Marinus%3A%202.%20The%20Velvet%20Web%20%28Official%20Repair%29.mp4|https://archive.org/download/Season_1/Season%201/5.%20The%20Keys%20of%20Marinus/The%20Keys%20of%20Marinus%3A%202.%20The%20Velvet%20Web%20%28Official%20Repair%29.ia.mp4
121,1,23,https://archive.org/download/Season_1/Season%201/5.%20The%20Keys%20of%20Marinus/The%20Keys%20of%20Marinus%3A%203.%20The%20Screaming%20Jungle.mp4|https://archive.org/download/Season_1/Season%201/5.%20The%20Keys%20of%20Marinus/The%20Keys%20of%20Marinus%3A%203.%20The%20Screaming%20Jungle.ia.mp4
121,1,24,https://archive.org/download/Season_1/Season%201/5.%20The%20Keys%20of%20Marinus/The%20Keys%20of%20Marinus%3A%204.%20The%20Snows%20of%20Terror%20%28Official%20Repair%29.mp4|https://archive.org/download/Season_1/Season%201/5.%20The%20Keys%20of%20Marinus/The%20Keys%20of%20Marinus%3A%204.%20The%20Snows%20of%20Terror%20%28Official%20Repair%29.ia.mp4
121,1,25,https://archive.org/download/Season_1/Season%201/5.%20The%20Keys%20of%20Marinus/The%20Keys%20of%20Marinus%3A%205.%20Sentance%20of%20Death.mp4|https://archive.org/download/Season_1/Season%201/5.%20The%20Keys%20of%20Marinus/The%20Keys%20of%20Marinus%3A%205.%20Sentance%20of%20Death.ia.mp4
121,1,26,https://archive.org/download/Season_1/Season%201/5.%20The%20Keys%20of%20Marinus/The%20Keys%20of%20Marinus%3A%206.%20The%20Keys%20of%20Marinus.mp4|https://archive.org/download/Season_1/Season%201/5.%20The%20Keys%20of%20Marinus/The%20Keys%20of%20Marinus%3A%206.%20The%20Keys%20of%20Marinus.ia.mp4
121,1,27,https://archive.org/download/Season_1/Season%201/6.%20The%20Aztecs/The%20Aztecs%3A%201.%20The%20Temple%20of%20Evil.mp4|https://archive.org/download/Season_1/Season%201/6.%20The%20Aztecs/The%20Aztecs%3A%201.%20The%20Temple%20of%20Evil.ia.mp4
121,1,28,https://archive.org/download/Season_1/Season%201/6.%20The%20Aztecs/The%20Aztecs%3A%202.%20The%20Warriors%20of%20Death.mp4|https://archive.org/download/Season_1/Season%201/6.%20The%20Aztecs/The%20Aztecs%3A%202.%20The%20Warriors%20of%20Death.ia.mp4
121,1,29,https://archive.org/download/Season_1/Season%201/6.%20The%20Aztecs/The%20Aztecs%3A%203.%20The%20Bride%20of%20Sacrifice.mp4|https://archive.org/download/Season_1/Season%201/6.%20The%20Aztecs/The%20Aztecs%3A%203.%20The%20Bride%20of%20Sacrifice.ia.mp4
121,1,30,https://archive.org/download/Season_1/Season%201/6.%20The%20Aztecs/The%20Aztecs%3A%204.%20The%20Day%20of%20Darkness.mp4|https://archive.org/download/Season_1/Season%201/6.%20The%20Aztecs/The%20Aztecs%3A%204.%20The%20Day%20of%20Darkness.ia.mp4
121,1,31,https://archive.org/download/Season_1/Season%201/7.%20The%20Sensorites/The%20Sensorites%3A%201.%20Strangers%20in%20Space.mp4
121,1,32,https://archive.org/download/Season_1/Season%201/7.%20The%20Sensorites/The%20Sensorites%3A%202.%20The%20Unwilling%20Warriors.mp4
121,1,33,https://archive.org/download/Season_1/Season%201/7.%20The%20Sensorites/The%20Sensorites%3A%203.%20Hidden%20Danger.mp4
121,1,34,https://archive.org/download/Season_1/Season%201/7.%20The%20Sensorites/The%20Sensorites%3A%204.%20A%20Race%20Against%20Death.mp4
121,1,35,https://archive.org/download/Season_1/Season%201/7.%20The%20Sensorites/The%20Sensorites%3A%205.%20Kidnap.mp4
121,1,36,https://archive.org/download/Season_1/Season%201/7.%20The%20Sensorites/The%20Sensorites%3A%206.%20A%20Desperate%20Venture.mp4
121,1,37,https://archive.org/download/Season_1/Season%201/8.%20The%20Reign%20of%20Terror/1.%20A%20Land%20of%20Fear/The%20Reign%20of%20Terror%3A%201.%20A%20Land%20of%20Fear.mp4
121,1,38,https://archive.org/download/Season_1/Season%201/8.%20The%20Reign%20of%20Terror/2.%20Guests%20of%20Madame%20Guillotine/The%20Reign%20of%20Terror%3A%202.%20Guests%20of%20Madame%20Guillotine.mp4
121,1,39,https://archive.org/download/Season_1/Season%201/8.%20The%20Reign%20of%20Terror/3.%20A%20Change%20of%20Identity/The%20Reign%20of%20Terror%3A%203.%20A%20Change%20of%20Identity.mp4
121,1,40,https://archive.org/download/Season_1/Season%201/8.%20The%20Reign%20of%20Terror/4.%20The%20Tyrant%20of%20France/The%20Reign%20of%20Terror%3A%204.%20The%20Tyrant%20of%20France%20%28Animation%29.mp4
121,1,41,https://archive.org/download/Season_1/Season%201/8.%20The%20Reign%20of%20Terror/5.%20A%20Bargain%20of%20Necessity/The%20Reign%20of%20Terror%3A%205.%20A%20Bargain%20of%20Necessity%20%28Animation%29.mp4
121,1,42,https://archive.org/download/Season_1/Season%201/8.%20The%20Reign%20of%20Terror/6.%20Prisoners%20of%20Conciergerie/The%20Reign%20of%20Terror%3A%206.%20Prisoners%20of%20Conciergerie.mp4
121,2,1,https://archive.org/download/season-2_202503/Season%202/09.%20Planet%20of%20Giants/Planet%20of%20Giants%EF%BC%9A1.%20Planet%20of%20Giants.mp4
121,2,2,https://archive.org/download/season-2_202503/Season%202/09.%20Planet%20of%20Giants/Planet%20of%20Giants%EF%BC%9A2.%20Dangerous%20Journey.mp4
121,2,3,https://archive.org/download/season-2_202503/Season%202/09.%20Planet%20of%20Giants/Planet%20of%20Giants%EF%BC%9A3.%20Crisis.mp4
121,2,4,https://archive.org/download/season-2_202503/Season%202/10.%20The%20Dalek%20Invasion%20of%20Earth/1.%20World%27s%20End/The%20Dalek%20Invasion%20of%20Earth%EF%BC%9A%201.%20World%27s%20End.mp4|https://archive.org/download/season-2_202503/Season%202/10.%20The%20Dalek%20Invasion%20of%20Earth/1.%20World%27s%20End/The%20Dalek%20Invasion%20of%20Earth%EF%BC%9A%201.%20World%27s%20End.ia.mp4
121,2,5,https://archive.org/download/season-2_202503/Season%202/10.%20The%20Dalek%20Invasion%20of%20Earth/2.%20The%20Daleks/The%20Dalek%20Invasion%20of%20Earth%EF%BC%9A%202.%20The%20Daleks.mp4|https://archive.org/download/season-2_202503/Season%202/10.%20The%20Dalek%20Invasion%20of%20Earth/2.%20The%20Daleks/The%20Dalek%20Invasion%20of%20Earth%EF%BC%9A%202.%20The%20Daleks.ia.mp4
121,2,6,https://archive.org/download/season-2_202503/Season%202/10.%20The%20Dalek%20Invasion%20of%20Earth/3.%20Day%20of%20Reckoning/The%20Dalek%20Invasion%20of%20Earth%EF%BC%9A%203.%20Day%20of%20Reckoning.mp4|https://archive.org/download/season-2_202503/Season%202/10.%20The%20Dalek%20Invasion%20of%20Earth/3.%20Day%20of%20Reckoning/The%20Dalek%20Invasion%20of%20Earth%EF%BC%9A%203.%20Day%20of%20Reckoning.ia.mp4
121,2,7,https://archive.org/download/season-2_202503/Season%202/10.%20The%20Dalek%20Invasion%20of%20Earth/4.%20The%20End%20of%20Tomorrow/The%20Dalek%20Invasion%20of%20Earth%EF%BC%9A%204.%20The%20End%20of%20Tomorrow.mp4|https://archive.org/download/season-2_202503/Season%202/10.%20The%20Dalek%20Invasion%20of%20Earth/4.%20The%20End%20of%20Tomorrow/The%20Dalek%20Invasion%20of%20Earth%EF%BC%9A%204.%20The%20End%20of%20Tomorrow.ia.mp4
121,2,8,https://archive.org/download/season-2_202503/Season%202/10.%20The%20Dalek%20Invasion%20of%20Earth/5.%20The%20Waking%20Ally/The%20Dalek%20Invasion%20of%20Earth%EF%BC%9A%205.%20The%20Waking%20Ally.mp4|https://archive.org/download/season-2_202503/Season%202/10.%20The%20Dalek%20Invasion%20of%20Earth/5.%20The%20Waking%20Ally/The%20Dalek%20Invasion%20of%20Earth%EF%BC%9A%205.%20The%20Waking%20Ally.ia.mp4
121,2,9,https://archive.org/download/season-2_202503/Season%202/10.%20The%20Dalek%20Invasion%20of%20Earth/6.%20Flashpoint/The%20Dalek%20Invasion%20of%20Earth%EF%BC%9A%206.%20Flashpoint.mp4|https://archive.org/download/season-2_202503/Season%202/10.%20The%20Dalek%20Invasion%20of%20Earth/6.%20Flashpoint/The%20Dalek%20Invasion%20of%20Earth%EF%BC%9A%206.%20Flashpoint.ia.mp4
121,2,10,https://archive.org/download/season-2_202503/Season%202/11.%20The%20Rescue/1.%20The%20Powerful%20Enemy/The%20Rescue%EF%BC%9A%201.%20The%20Powerful%20Enemy.mp4
121,2,11,https://archive.org/download/season-2_202503/Season%202/11.%20The%20Rescue/2.%20Desperate%20Measures/The%20Rescue%EF%BC%9A%202.%20Desperate%20Measures.mp4
121,2,12,https://archive.org/download/season-2_202503/Season%202/12.%20The%20Romans/The%20Romans%EF%BC%9A%201.%20The%20Slave%20Traders.mp4
121,2,13,https://archive.org/download/season-2_202503/Season%202/12.%20The%20Romans/The%20Romans%EF%BC%9A%202.%20All%20Roads%20Lead%20to%20Rome.mp4
121,2,14,https://archive.org/download/season-2_202503/Season%202/12.%20The%20Romans/The%20Romans%EF%BC%9A%203.%20Conspiracy.mp4
121,2,15,https://archive.org/download/season-2_202503/Season%202/12.%20The%20Romans/The%20Romans%EF%BC%9A%204.%20Inferno.mp4
121,2,16,https://archive.org/download/season-2_202503/Season%202/13.%20The%20Web%20Planet/The%20Web%20Planet%EF%BC%9A%201.%20The%20Web%20Planet.mp4
121,2,17,https://archive.org/download/season-2_202503/Season%202/13.%20The%20Web%20Planet/The%20Web%20Planet%EF%BC%9A%202.%20The%20Zarbi.mp4
121,2,18,https://archive.org/download/season-2_202503/Season%202/13.%20The%20Web%20Planet/The%20Web%20Planet%EF%BC%9A%203.%20Escape%20to%20Danger.mp4
121,2,19,https://archive.org/download/season-2_202503/Season%202/13.%20The%20Web%20Planet/The%20Web%20Planet%EF%BC%9A%204.%20Crater%20of%20Needles.mp4
121,2,20,https://archive.org/download/season-2_202503/Season%202/13.%20The%20Web%20Planet/The%20Web%20Planet%EF%BC%9A%205.%20Invasion.mp4
121,2,21,https://archive.org/download/season-2_202503/Season%202/13.%20The%20Web%20Planet/The%20Web%20Planet%EF%BC%9A%206.%20The%20Centre.mp4
121,2,22,https://archive.org/download/season-2_202503/Season%202/14.%20The%20Crusade/1.%20The%20Lion/The%20Crusade%EF%BC%9A%201.%20The%20Lion.mp4
121,2,23,https://archive.org/download/season-2_202503/Season%202/14.%20The%20Crusade/2.%20The%20Knight%20of%20Jaffa/The%20Crusade%EF%BC%9A%202.%20The%20Knight%20of%20Jaffa%20%28Official%20Recreation%29.mp4
121,2,24,https://archive.org/download/season-2_202503/Season%202/14.%20The%20Crusade/3.%20The%20Wheel%20of%20Fortune/The%20Crusade%EF%BC%9A%203.%20The%20Wheel%20of%20Fortune.mp4
121,2,25,https://archive.org/download/season-2_202503/Season%202/14.%20The%20Crusade/4.%20The%20Warlords/The%20Crusade%EF%BC%9A%204.%20The%20Warlords%20%28Official%20Recreation%29.mp4
121,2,26,https://archive.org/download/season-2_202503/Season%202/15.%20The%20Space%20Museum/The%20Space%20Museum%EF%BC%9A%201.%20The%20Space%20Museum.mp4
121,2,27,https://archive.org/download/season-2_202503/Season%202/15.%20The%20Space%20Museum/The%20Space%20Museum%EF%BC%9A%202.%20The%20Dimensions%20of%20Time.mp4
121,2,28,https://archive.org/download/season-2_202503/Season%202/15.%20The%20Space%20Museum/The%20Space%20Museum%EF%BC%9A%203.%20The%20Search.mp4
121,2,29,https://archive.org/download/season-2_202503/Season%202/15.%20The%20Space%20Museum/The%20Space%20Museum%EF%BC%9A%204.%20The%20Final%20Phase.mp4
121,2,30,https://archive.org/download/season-2_202503/Season%202/16.%20The%20Chase/The%20Chase%EF%BC%9A%201.%20The%20Executioners.mp4
121,2,31,https://archive.org/download/season-2_202503/Season%202/16.%20The%20Chase/The%20Chase%EF%BC%9A%202.%20The%20Death%20of%20Time.mp4
121,2,32,https://archive.org/download/season-2_202503/Season%202/16.%20The%20Chase/The%20Chase%EF%BC%9A%203.%20Flight%20Through%20Eternity.mp4
121,2,33,https://archive.org/download/season-2_202503/Season%202/16.%20The%20Chase/The%20Chase%EF%BC%9A%204.%20Journey%20into%20Terror.mp4
121,2,34,https://archive.org/download/season-2_202503/Season%202/16.%20The%20Chase/The%20Chase%EF%BC%9A%205.%20The%20Death%20of%20Doctor%20Who.mp4
121,2,35,https://archive.org/download/season-2_202503/Season%202/16.%20The%20Chase/The%20Chase%EF%BC%9A%206.%20The%20Planet%20of%20Decision.mp4
121,2,36,https://archive.org/download/season-2_202503/Season%202/17.%20The%20Time%20Meddler/1.%20The%20Watcher/The%20Time%20Meddler%EF%BC%9A%201.%20The%20Watcher.mp4
121,2,37,https://archive.org/download/season-2_202503/Season%202/17.%20The%20Time%20Meddler/2.%20The%20Meddling%20Monk/The%20Time%20Meddler%EF%BC%9A%202.%20The%20Meddling%20Monk.mp4
121,2,38,https://archive.org/download/season-2_202503/Season%202/17.%20The%20Time%20Meddler/3.%20A%20Battle%20of%20Wits/The%20Time%20Meddler%EF%BC%9A%203.%20A%20Battle%20of%20Wits.mp4
121,2,39,https://archive.org/download/season-2_202503/Season%202/17.%20The%20Time%20Meddler/4.%20Checkmate/The%20Time%20Meddler%EF%BC%9A%204.%20Checkmate%20%28Official%20Repair%202%29.mp4
6357,1,1,https://archive.org/download/the-twilight-zone-classic-s-02-e-02-the-thirty-fathom-grave/The%20Twilight%20Zone%20%28Classic%29_S05E01_Where%20is%20Everybody.mp4|https://archive.org/download/the-twilight-zone-classic-s-02-e-02-the-thirty-fathom-grave/The%20Twilight%20Zone%20%28Classic%29_S05E01_Where%20is%20Everybody.ia.mp4
6357,1,2,https://archive.org/download/the-twilight-zone-classic-s-02-e-02-the-thirty-fathom-grave/The%20Twilight%20Zone%20%28Classic%29_S05E02_One%20for%20the%20Angels.mp4|https://archive.org/download/the-twilight-zone-classic-s-02-e-02-the-thirty-fathom-grave/The%20Twilight%20Zone%20%28Classic%29_S05E02_One%20for%20the%20Angels.ia.mp4
6357,1,3,https://archive.org/download/the-twilight-zone-classic-s-02-e-02-the-thirty-fathom-grave/The%20Twilight%20Zone%20%28Classic%29_S05E03_Mr.%20Denton%20on%20Doomsday.mp4|https://archive.org/download/the-twilight-zone-classic-s-02-e-02-the-thirty-fathom-grave/The%20Twilight%20Zone%20%28Classic%29_S05E03_Mr.%20Denton%20on%20Doomsday.ia.mp4
6357,1,4,https://archive.org/download/the-twilight-zone-classic-s-02-e-02-the-thirty-fathom-grave/The%20Twilight%20Zone%20%28Classic%29_S05E04_16%20Millimeter%20Shrine.mp4|https://archive.org/download/the-twilight-zone-classic-s-02-e-02-the-thirty-fathom-grave/The%20Twilight%20Zone%20%28Classic%29_S05E04_16%20Millimeter%20Shrine.ia.mp4
6357,1,5,https://archive.org/download/the-twilight-zone-classic-s-02-e-02-the-thirty-fathom-grave/The%20Twilight%20Zone%20%28Classic%29_S05E05_Walking%20Distance.mp4|https://archive.org/download/the-twilight-zone-classic-s-02-e-02-the-thirty-fathom-grave/The%20Twilight%20Zone%20%28Classic%29_S05E05_Walking%20Distance.ia.mp4
6357,1,6,https://archive.org/download/the-twilight-zone-classic-s-02-e-02-the-thirty-fathom-grave/The%20Twilight%20Zone%20%28Classic%29_S05E06_Escape%20Clause.mp4|https://archive.org/download/the-twilight-zone-classic-s-02-e-02-the-thirty-fathom-grave/The%20Twilight%20Zone%20%28Classic%29_S05E06_Escape%20Clause.ia.mp4
6357,1,7,https://archive.org/download/the-twilight-zone-classic-s-02-e-02-the-thirty-fathom-grave/The%20Twilight%20Zone%20%28Classic%29_S05E07_The%20Lonely.mp4|https://archive.org/download/the-twilight-zone-classic-s-02-e-02-the-thirty-fathom-grave/The%20Twilight%20Zone%20%28Classic%29_S05E07_The%20Lonely.ia.mp4
6357,1,8,https://archive.org/download/the-twilight-zone-classic-s-02-e-02-the-thirty-fathom-grave/The%20Twilight%20Zone%20%28Classic%29_S05E08_Time%20Enough%20at%20Last.mp4|https://archive.org/download/the-twilight-zone-classic-s-02-e-02-the-thirty-fathom-grave/The%20Twilight%20Zone%20%28Classic%29_S05E08_Time%20Enough%20at%20Last.ia.mp4
6357,1,9,https://archive.org/download/the-twilight-zone-classic-s-02-e-02-the-thirty-fathom-grave/The%20Twilight%20Zone%20%28Classic%29_S05E09_Perchance%20to%20Dream.mp4|https://archive.org/download/the-twilight-zone-classic-s-02-e-02-the-thirty-fathom-grave/The%20Twilight%20Zone%20%28Classic%29_S05E09_Perchance%20to%20Dream.ia.mp4
6357,1,10,https://archive.org/download/the-twilight-zone-classic-s-02-e-02-the-thirty-fathom-grave/The%20Twilight%20Zone%20%28Classic%29_S05E10_Judgement%20Night.mp4|https://archive.org/download/the-twilight-zone-classic-s-02-e-02-the-thirty-fathom-grave/The%20Twilight%20Zone%20%28Classic%29_S05E10_Judgement%20Night.ia.mp4
6357,1,11,https://archive.org/download/the-twilight-zone-classic-s-02-e-02-the-thirty-fathom-grave/The%20Twilight%20Zone%20%28Classic%29_S05E11_When%20The%20Sky%20Was%20Opened.mp4|https://archive.org/download/the-twilight-zone-classic-s-02-e-02-the-thirty-fathom-grave/The%20Twilight%20Zone%20%28Classic%29_S05E11_When%20The%20Sky%20Was%20Opened.ia.mp4
6357,1,12,https://archive.org/download/the-twilight-zone-classic-s-02-e-02-the-thirty-fathom-grave/The%20Twilight%20Zone%20%28Classic%29_S05E12_What%20You%20Need.mp4|https://archive.org/download/the-twilight-zone-classic-s-02-e-02-the-thirty-fathom-grave/The%20Twilight%20Zone%20%28Classic%29_S05E12_What%20You%20Need.ia.mp4
6357,1,13,https://archive.org/download/the-twilight-zone-classic-s-02-e-02-the-thirty-fathom-grave/The%20Twilight%20Zone%20%28Classic%29_S05E13_Four%20of%20Us%20Are%20Dying.mp4|https://archive.org/download/the-twilight-zone-classic-s-02-e-02-the-thirty-fathom-grave/The%20Twilight%20Zone%20%28Classic%29_S05E13_Four%20of%20Us%20Are%20Dying.ia.mp4
6357,1,14,https://archive.org/download/the-twilight-zone-classic-s-02-e-02-the-thirty-fathom-grave/The%20Twilight%20Zone%20%28Classic%29_S05E14_Third%20from%20the%20Sun.mp4|https://archive.org/download/the-twilight-zone-classic-s-02-e-02-the-thirty-fathom-grave/The%20Twilight%20Zone%20%28Classic%29_S05E14_Third%20from%20the%20Sun.ia.mp4
6357,1,15,https://archive.org/download/the-twilight-zone-classic-s-02-e-02-the-thirty-fathom-grave/The%20Twilight%20Zone%20%28Classic%29_S05E15_I%20Shot%20an%20Arrow%20into%20the%20Air.mp4|https://archive.org/download/the-twilight-zone-classic-s-02-e-02-the-thirty-fathom-grave/The%20Twilight%20Zone%20%28Classic%29_S05E15_I%20Shot%20an%20Arrow%20into%20the%20Air.ia.mp4
6357,1,16,https://archive.org/download/the-twilight-zone-classic-s-02-e-02-the-thirty-fathom-grave/The%20Twilight%20Zone%20%28Classic%29_S05E16_The%20Hitchhiker.mp4|https://archive.org/download/the-twilight-zone-classic-s-02-e-02-the-thirty-fathom-grave/The%20Twilight%20Zone%20%28Classic%29_S05E16_The%20Hitchhiker.ia.mp4
6357,1,17,https://archive.org/download/the-twilight-zone-classic-s-02-e-02-the-thirty-fathom-grave/The%20Twilight%20Zone%20%28Classic%29_S05E17_The%20Fever.mp4|https://archive.org/download/the-twilight-zone-classic-s-02-e-02-the-thirty-fathom-grave/The%20Twilight%20Zone%20%28Classic%29_S05E17_The%20Fever.ia.mp4
6357,1,18,https://archive.org/download/the-twilight-zone-classic-s-02-e-02-the-thirty-fathom-grave/The%20Twilight%20Zone%20%28Classic%29_S05E18_The%20Last%20Flight.mp4|https://archive.org/download/the-twilight-zone-classic-s-02-e-02-the-thirty-fathom-grave/The%20Twilight%20Zone%20%28Classic%29_S05E18_The%20Last%20Flight.ia.mp4
6357,1,19,https://archive.org/download/the-twilight-zone-classic-s-02-e-02-the-thirty-fathom-grave/The%20Twilight%20Zone%20%28Classic%29_S05E19_The%20Purple%20Testament.mp4|https://archive.org/download/the-twilight-zone-classic-s-02-e-02-the-thirty-fathom-grave/The%20Twilight%20Zone%20%28Classic%29_S05E19_The%20Purple%20Testament.ia.mp4
6357,1,20,https://archive.org/download/the-twilight-zone-classic-s-02-e-02-the-thirty-fathom-grave/The%20Twilight%20Zone%20%28Classic%29_S05E20_Elegy.mp4|https://archive.org/download/the-twilight-zone-classic-s-02-e-02-the-thirty-fathom-grave/The%20Twilight%20Zone%20%28Classic%29_S05E20_Elegy.ia.mp4
6357,1,21,https://archive.org/download/the-twilight-zone-classic-s-02-e-02-the-thirty-fathom-grave/The%20Twilight%20Zone%20%28Classic%29_S05E21_Mirror%20Image.mp4|https://archive.org/download/the-twilight-zone-classic-s-02-e-02-the-thirty-fathom-grave/The%20Twilight%20Zone%20%28Classic%29_S05E21_Mirror%20Image.ia.mp4
6357,1,22,https://archive.org/download/the-twilight-zone-classic-s-02-e-02-the-thirty-fathom-grave/The%20Twilight%20Zone%20%28Classic%29_S05E22_The%20Monsters%20are%20Due%20on%20Maple%20Street.mp4|https://archive.org/download/the-twilight-zone-classic-s-02-e-02-the-thirty-fathom-grave/The%20Twilight%20Zone%20%28Classic%29_S05E22_The%20Monsters%20are%20Due%20on%20Maple%20Street.ia.mp4
6357,1,23,https://archive.org/download/the-twilight-zone-classic-s-02-e-02-the-thirty-fathom-grave/The%20Twilight%20Zone%20%28Classic%29_S05E23_A%20World%20of%20Difference.mp4|https://archive.org/download/the-twilight-zone-classic-s-02-e-02-the-thirty-fathom-grave/The%20Twilight%20Zone%20%28Classic%29_S05E23_A%20World%20of%20Difference.ia.mp4
6357,1,24,https://archive.org/download/the-twilight-zone-classic-s-02-e-02-the-thirty-fathom-grave/The%20Twilight%20Zone%20%28Classic%29_S05E24_Long%20Live%20Walter%20Jameson.mp4|https://archive.org/download/the-twilight-zone-classic-s-02-e-02-the-thirty-fathom-grave/The%20Twilight%20Zone%20%28Classic%29_S05E24_Long%20Live%20Walter%20Jameson.ia.mp4
6357,1,25,https://archive.org/download/the-twilight-zone-classic-s-02-e-02-the-thirty-fathom-grave/The%20Twilight%20Zone%20%28Classic%29_S05E25_People%20Are%20Alike%20All%20Over.mp4|https://archive.org/download/the-twilight-zone-classic-s-02-e-02-the-thirty-fathom-grave/The%20Twilight%20Zone%20%28Classic%29_S05E25_People%20Are%20Alike%20All%20Over.ia.mp4
6357,1,26,https://archive.org/download/the-twilight-zone-classic-s-02-e-02-the-thirty-fathom-grave/The%20Twilight%20Zone%20%28Classic%29_S05E26_Execution.mp4|https://archive.org/download/the-twilight-zone-classic-s-02-e-02-the-thirty-fathom-grave/The%20Twilight%20Zone%20%28Classic%29_S05E26_Execution.ia.mp4
6357,1,27,https://archive.org/download/the-twilight-zone-classic-s-02-e-02-the-thirty-fathom-grave/The%20Twilight%20Zone%20%28Classic%29_S05E27_The%20Big%20Tall%20Wish.mp4|https://archive.org/download/the-twilight-zone-classic-s-02-e-02-the-thirty-fathom-grave/The%20Twilight%20Zone%20%28Classic%29_S05E27_The%20Big%20Tall%20Wish.ia.mp4
6357,1,28,https://archive.org/download/the-twilight-zone-classic-s-02-e-02-the-thirty-fathom-grave/The%20Twilight%20Zone%20%28Classic%29_S05E28_A%20Nice%20Place%20to%20Visit.mp4|https://archive.org/download/the-twilight-zone-classic-s-02-e-02-the-thirty-fathom-grave/The%20Twilight%20Zone%20%28Classic%29_S05E28_A%20Nice%20Place%20to%20Visit.ia.mp4
6357,1,29,https://archive.org/download/the-twilight-zone-classic-s-02-e-02-the-thirty-fathom-grave/The%20Twilight%20Zone%20%28Classic%29_S05E29_Nightmare%20as%20a%20Child.mp4|https://archive.org/download/the-twilight-zone-classic-s-02-e-02-the-thirty-fathom-grave/The%20Twilight%20Zone%20%28Classic%29_S05E29_Nightmare%20as%20a%20Child.ia.mp4
6357,1,30,https://archive.org/download/the-twilight-zone-classic-s-02-e-02-the-thirty-fathom-grave/The%20Twilight%20Zone%20%28Classic%29_S05E30_A%20Stop%20at%20Willoughby.mp4|https://archive.org/download/the-twilight-zone-classic-s-02-e-02-the-thirty-fathom-grave/The%20Twilight%20Zone%20%28Classic%29_S05E30_A%20Stop%20at%20Willoughby.ia.mp4
6357,1,31,https://archive.org/download/the-twilight-zone-classic-s-02-e-02-the-thirty-fathom-grave/The%20Twilight%20Zone%20%28Classic%29_S05E31_The%20Chaser.mp4|https://archive.org/download/the-twilight-zone-classic-s-02-e-02-the-thirty-fathom-grave/The%20Twilight%20Zone%20%28Classic%29_S05E31_The%20Chaser.ia.mp4
6357,1,32,https://archive.org/download/the-twilight-zone-classic-s-02-e-02-the-thirty-fathom-grave/The%20Twilight%20Zone%20%28Classic%29_S05E32_A%20Passage%20for%20Trumpet.mp4|https://archive.org/download/the-twilight-zone-classic-s-02-e-02-the-thirty-fathom-grave/The%20Twilight%20Zone%20%28Classic%29_S05E32_A%20Passage%20for%20Trumpet.ia.mp4
6357,1,33,https://archive.org/download/the-twilight-zone-classic-s-02-e-02-the-thirty-fathom-grave/The%20Twilight%20Zone%20%28Classic%29_S05E33_Mr.%20Bevis.mp4|https://archive.org/download/the-twilight-zone-classic-s-02-e-02-the-thirty-fathom-grave/The%20Twilight%20Zone%20%28Classic%29_S05E33_Mr.%20Bevis.ia.mp4
6357,1,34,https://archive.org/download/the-twilight-zone-classic-s-02-e-02-the-thirty-fathom-grave/The%20Twilight%20Zone%20%28Classic%29_S05E34_The%20After%20Hours.mp4|https://archive.org/download/the-twilight-zone-classic-s-02-e-02-the-thirty-fathom-grave/The%20Twilight%20Zone%20%28Classic%29_S05E34_The%20After%20Hours.ia.mp4
6357,1,35,https://archive.org/download/the-twilight-zone-classic-s-02-e-02-the-thirty-fathom-grave/The%20Twilight%20Zone%20%28Classic%29_S05E35_The%20Mighty%20Casey.mp4|https://archive.org/download/the-twilight-zone-classic-s-02-e-02-the-thirty-fathom-grave/The%20Twilight%20Zone%20%28Classic%29_S05E35_The%20Mighty%20Casey.ia.mp4
6357,1,36,https://archive.org/download/the-twilight-zone-classic-s-02-e-02-the-thirty-fathom-grave/The%20Twilight%20Zone%20%28Classic%29_S05E36_A%20World%20of%20His%20Own.mp4|https://archive.org/download/the-twilight-zone-classic-s-02-e-02-the-thirty-fathom-grave/The%20Twilight%20Zone%20%28Classic%29_S05E36_A%20World%20of%20His%20Own.ia.mp4
6357,2,1,https://archive.org/download/the-twilight-zone-classic-s-02-e-02-the-thirty-fathom-grave/The%20Twilight%20Zone%20%28Classic%29_S04E01_King%20Nine%20Will%20Not%20Return.mp4|https://archive.org/download/the-twilight-zone-classic-s-02-e-02-the-thirty-fathom-grave/The%20Twilight%20Zone%20%28Classic%29_S04E01_King%20Nine%20Will%20Not%20Return.ia.mp4
6357,2,2,https://archive.org/download/the-twilight-zone-classic-s-02-e-02-the-thirty-fathom-grave/The%20Twilight%20Zone%20%28Classic%29_S04E02_Man%20in%20the%20Bottle.mp4|https://archive.org/download/the-twilight-zone-classic-s-02-e-02-the-thirty-fathom-grave/The%20Twilight%20Zone%20%28Classic%29_S04E02_Man%20in%20the%20Bottle.ia.mp4
6357,2,3,https://archive.org/download/the-twilight-zone-classic-s-02-e-02-the-thirty-fathom-grave/The%20Twilight%20Zone%20%28Classic%29_S04E03_Nervous%20Man%20in%20a%20Four%20Dollar%20Room.mp4|https://archive.org/download/the-twilight-zone-classic-s-02-e-02-the-thirty-fathom-grave/The%20Twilight%20Zone%20%28Classic%29_S04E03_Nervous%20Man%20in%20a%20Four%20Dollar%20Room.ia.mp4
6357,2,4,https://archive.org/download/the-twilight-zone-classic-s-02-e-02-the-thirty-fathom-grave/The%20Twilight%20Zone%20%28Classic%29_S04E04_A%20Thing%20About%20Machines.mp4|https://archive.org/download/the-twilight-zone-classic-s-02-e-02-the-thirty-fathom-grave/The%20Twilight%20Zone%20%28Classic%29_S04E04_A%20Thing%20About%20Machines.ia.mp4
6357,2,5,https://archive.org/download/the-twilight-zone-classic-s-02-e-02-the-thirty-fathom-grave/The%20Twilight%20Zone%20%28Classic%29_S04E05_The%20Howling%20Man.mp4|https://archive.org/download/the-twilight-zone-classic-s-02-e-02-the-thirty-fathom-grave/The%20Twilight%20Zone%20%28Classic%29_S04E05_The%20Howling%20Man.ia.mp4
6357,2,6,https://archive.org/download/the-twilight-zone-classic-s-02-e-02-the-thirty-fathom-grave/The%20Twilight%20Zone%20%28Classic%29_S04E06_Eye%20of%20the%20Beholder.mp4|https://archive.org/download/the-twilight-zone-classic-s-02-e-02-the-thirty-fathom-grave/The%20Twilight%20Zone%20%28Classic%29_S04E06_Eye%20of%20the%20Beholder.ia.mp4
6357,2,7,https://archive.org/download/the-twilight-zone-classic-s-02-e-02-the-thirty-fathom-grave/The%20Twilight%20Zone%20%28Classic%29_S04E07_Nick%20of%20Time.mp4|https://archive.org/download/the-twilight-zone-classic-s-02-e-02-the-thirty-fathom-grave/The%20Twilight%20Zone%20%28Classic%29_S04E07_Nick%20of%20Time.ia.mp4
6357,2,8,https://archive.org/download/the-twilight-zone-classic-s-02-e-02-the-thirty-fathom-grave/The%20Twilight%20Zone%20%28Classic%29_S04E08_The%20Lateness%20of%20the%20Hour.mp4|https://archive.org/download/the-twilight-zone-classic-s-02-e-02-the-thirty-fathom-grave/The%20Twilight%20Zone%20%28Classic%29_S04E08_The%20Lateness%20of%20the%20Hour.ia.mp4
6357,2,9,https://archive.org/download/the-twilight-zone-classic-s-02-e-02-the-thirty-fathom-grave/The%20Twilight%20Zone%20%28Classic%29_S04E09_The%20Trouble%20with%20Templeton.mp4|https://archive.org/download/the-twilight-zone-classic-s-02-e-02-the-thirty-fathom-grave/The%20Twilight%20Zone%20%28Classic%29_S04E09_The%20Trouble%20with%20Templeton.ia.mp4
6357,2,10,https://archive.org/download/the-twilight-zone-classic-s-02-e-02-the-thirty-fathom-grave/The%20Twilight%20Zone%20%28Classic%29_S04E10_A%20Most%20Unusual%20Camera.mp4|https://archive.org/download/the-twilight-zone-classic-s-02-e-02-the-thirty-fathom-grave/The%20Twilight%20Zone%20%28Classic%29_S04E10_A%20Most%20Unusual%20Camera.ia.mp4
6357,2,11,https://archive.org/download/the-twilight-zone-classic-s-02-e-02-the-thirty-fathom-grave/The%20Twilight%20Zone%20%28Classic%29_S04E11_The%20Night%20of%20the%20Meek.mp4|https://archive.org/download/the-twilight-zone-classic-s-02-e-02-the-thirty-fathom-grave/The%20Twilight%20Zone%20%28Classic%29_S04E11_The%20Night%20of%20the%20Meek.ia.mp4
6357,2,12,https://archive.org/download/the-twilight-zone-classic-s-02-e-02-the-thirty-fathom-grave/The%20Twilight%20Zone%20%28Classic%29_S04E12_Dust.mp4|https://archive.org/download/the-twilight-zone-classic-s-02-e-02-the-thirty-fathom-grave/The%20Twilight%20Zone%20%28Classic%29_S04E12_Dust.ia.mp4
6357,2,13,https://archive.org/download/the-twilight-zone-classic-s-02-e-02-the-thirty-fathom-grave/The%20Twilight%20Zone%20%28Classic%29_S04E13_Back%20There.mp4|https://archive.org/download/the-twilight-zone-classic-s-02-e-02-the-thirty-fathom-grave/The%20Twilight%20Zone%20%28Classic%29_S04E13_Back%20There.ia.mp4
6357,2,14,https://archive.org/download/the-twilight-zone-classic-s-02-e-02-the-thirty-fathom-grave/The%20Twilight%20Zone%20%28Classic%29_S04E14_The%20Whole%20Truth.mp4|https://archive.org/download/the-twilight-zone-classic-s-02-e-02-the-thirty-fathom-grave/The%20Twilight%20Zone%20%28Classic%29_S04E14_The%20Whole%20Truth.ia.mp4
6357,2,15,https://archive.org/download/the-twilight-zone-classic-s-02-e-02-the-thirty-fathom-grave/The%20Twilight%20Zone%20%28Classic%29_S04E15_The%20Invaders.mp4|https://archive.org/download/the-twilight-zone-classic-s-02-e-02-the-thirty-fathom-grave/The%20Twilight%20Zone%20%28Classic%29_S04E15_The%20Invaders.ia.mp4
6357,2,16,https://archive.org/download/the-twilight-zone-classic-s-02-e-02-the-thirty-fathom-grave/The%20Twilight%20Zone%20%28Classic%29_S04E16_A%20Penny%20for%20Your%20Thoughts.mp4|https://archive.org/download/the-twilight-zone-classic-s-02-e-02-the-thirty-fathom-grave/The%20Twilight%20Zone%20%28Classic%29_S04E16_A%20Penny%20for%20Your%20Thoughts.ia.mp4
6357,2,17,https://archive.org/download/the-twilight-zone-classic-s-02-e-02-the-thirty-fathom-grave/The%20Twilight%20Zone%20%28Classic%29_S04E17_Twenty-two.mp4|https://archive.org/download/the-twilight-zone-classic-s-02-e-02-the-thirty-fathom-grave/The%20Twilight%20Zone%20%28Classic%29_S04E17_Twenty-two.ia.mp4
6357,2,18,https://archive.org/download/the-twilight-zone-classic-s-02-e-02-the-thirty-fathom-grave/The%20Twilight%20Zone%20%28Classic%29_S04E18_The%20Odyssey%20of%20Flight%20%2333.mp4|https://archive.org/download/the-twilight-zone-classic-s-02-e-02-the-thirty-fathom-grave/The%20Twilight%20Zone%20%28Classic%29_S04E18_The%20Odyssey%20of%20Flight%20%2333.ia.mp4
6357,2,19,https://archive.org/download/the-twilight-zone-classic-s-02-e-02-the-thirty-fathom-grave/The%20Twilight%20Zone%20%28Classic%29_S04E19_Mr.%20Dingle%2C%20the%20Strong.mp4|https://archive.org/download/the-twilight-zone-classic-s-02-e-02-the-thirty-fathom-grave/The%20Twilight%20Zone%20%28Classic%29_S04E19_Mr.%20Dingle%2C%20the%20Strong.ia.mp4
6357,2,20,https://archive.org/download/the-twilight-zone-classic-s-02-e-02-the-thirty-fathom-grave/The%20Twilight%20Zone%20%28Classic%29_S04E20_Static.mp4|https://archive.org/download/the-twilight-zone-classic-s-02-e-02-the-thirty-fathom-grave/The%20Twilight%20Zone%20%28Classic%29_S04E20_Static.ia.mp4
6357,2,21,https://archive.org/download/the-twilight-zone-classic-s-02-e-02-the-thirty-fathom-grave/The%20Twilight%20Zone%20%28Classic%29_S04E21_The%20Prime%20Mover.mp4|https://archive.org/download/the-twilight-zone-classic-s-02-e-02-the-thirty-fathom-grave/The%20Twilight%20Zone%20%28Classic%29_S04E21_The%20Prime%20Mover.ia.mp4
6357,2,22,https://archive.org/download/the-twilight-zone-classic-s-02-e-02-the-thirty-fathom-grave/The%20Twilight%20Zone%20%28Classic%29_S04E22_Long%20Distance%20Call.mp4|https://archive.org/download/the-twilight-zone-classic-s-02-e-02-the-thirty-fathom-grave/The%20Twilight%20Zone%20%28Classic%29_S04E22_Long%20Distance%20Call.ia.mp4
6357,2,23,https://archive.org/download/the-twilight-zone-classic-s-02-e-02-the-thirty-fathom-grave/The%20Twilight%20Zone%20%28Classic%29_S04E23_100%20Yards%20Over%20the%20Rim.mp4|https://archive.org/download/the-twilight-zone-classic-s-02-e-02-the-thirty-fathom-grave/The%20Twilight%20Zone%20%28Classic%29_S04E23_100%20Yards%20Over%20the%20Rim.ia.mp4
6357,2,24,https://archive.org/download/the-twilight-zone-classic-s-02-e-02-the-thirty-fathom-grave/The%20Twilight%20Zone%20%28Classic%29_S04E24_Rip%20Van%20Winkle%20Caper.mp4|https://archive.org/download/the-twilight-zone-classic-s-02-e-02-the-thirty-fathom-grave/The%20Twilight%20Zone%20%28Classic%29_S04E24_Rip%20Van%20Winkle%20Caper.ia.mp4
6357,2,25,https://archive.org/download/the-twilight-zone-classic-s-02-e-02-the-thirty-fathom-grave/The%20Twilight%20Zone%20%28Classic%29_S04E25_The%20Silence.mp4|https://archive.org/download/the-twilight-zone-classic-s-02-e-02-the-thirty-fathom-grave/The%20Twilight%20Zone%20%28Classic%29_S04E25_The%20Silence.ia.mp4
6357,2,26,https://archive.org/download/the-twilight-zone-classic-s-02-e-02-the-thirty-fathom-grave/The%20Twilight%20Zone%20%28Classic%29_S04E26_Shadow%20Play.mp4|https://archive.org/download/the-twilight-zone-classic-s-02-e-02-the-thirty-fathom-grave/The%20Twilight%20Zone%20%28Classic%29_S04E26_Shadow%20Play.ia.mp4
6357,2,27,https://archive.org/download/the-twilight-zone-classic-s-02-e-02-the-thirty-fathom-grave/The%20Twilight%20Zone%20%28Classic%29_S04E27_The%20Mind%20and%20the%20Matter.mp4|https://archive.org/download/the-twilight-zone-classic-s-02-e-02-the-thirty-fathom-grave/The%20Twilight%20Zone%20%28Classic%29_S04E27_The%20Mind%20and%20the%20Matter.ia.mp4
6357,2,28,https://archive.org/download/the-twilight-zone-classic-s-02-e-02-the-thirty-fathom-grave/The%20Twilight%20Zone%20%28Classic%29_S04E28_Will%20the%20Real%20Martian%20Please%20Stand%20Up.mp4|https://archive.org/download/the-twilight-zone-classic-s-02-e-02-the-thirty-fathom-grave/The%20Twilight%20Zone%20%28Classic%29_S04E28_Will%20the%20Real%20Martian%20Please%20Stand%20Up.ia.mp4
6357,2,29,https://archive.org/download/the-twilight-zone-classic-s-02-e-02-the-thirty-fathom-grave/The%20Twilight%20Zone%20%28Classic%29_S04E29_The%20Obsolete%20Man.mp4|https://archive.org/download/the-twilight-zone-classic-s-02-e-02-the-thirty-fathom-grave/The%20Twilight%20Zone%20%28Classic%29_S04E29_The%20Obsolete%20Man.ia.mp4
6357,3,1,https://archive.org/download/the-twilight-zone-classic-s-02-e-02-the-thirty-fathom-grave/The%20Twilight%20Zone%20%28Classic%29_S03E01_Two.mp4|https://archive.org/download/the-twilight-zone-classic-s-02-e-02-the-thirty-fathom-grave/The%20Twilight%20Zone%20%28Classic%29_S03E01_Two.ia.mp4
6357,3,2,https://archive.org/download/the-twilight-zone-classic-s-02-e-02-the-thirty-fathom-grave/The%20Twilight%20Zone%20%28Classic%29_S03E02_The%20Arrival.mp4|https://archive.org/download/the-twilight-zone-classic-s-02-e-02-the-thirty-fathom-grave/The%20Twilight%20Zone%20%28Classic%29_S03E02_The%20Arrival.ia.mp4
6357,3,3,https://archive.org/download/the-twilight-zone-classic-s-02-e-02-the-thirty-fathom-grave/The%20Twilight%20Zone%20%28Classic%29_S03E03_The%20Shelter.mp4|https://archive.org/download/the-twilight-zone-classic-s-02-e-02-the-thirty-fathom-grave/The%20Twilight%20Zone%20%28Classic%29_S03E03_The%20Shelter.ia.mp4
6357,3,4,https://archive.org/download/the-twilight-zone-classic-s-02-e-02-the-thirty-fathom-grave/The%20Twilight%20Zone%20%28Classic%29_S03E04_The%20Passerby.mp4|https://archive.org/download/the-twilight-zone-classic-s-02-e-02-the-thirty-fathom-grave/The%20Twilight%20Zone%20%28Classic%29_S03E04_The%20Passerby.ia.mp4
6357,3,5,https://archive.org/download/the-twilight-zone-classic-s-02-e-02-the-thirty-fathom-grave/The%20Twilight%20Zone%20%28Classic%29_S03E05_A%20Game%20of%20Pool.mp4|https://archive.org/download/the-twilight-zone-classic-s-02-e-02-the-thirty-fathom-grave/The%20Twilight%20Zone%20%28Classic%29_S03E05_A%20Game%20of%20Pool.ia.mp4
6357,3,6,https://archive.org/download/the-twilight-zone-classic-s-02-e-02-the-thirty-fathom-grave/The%20Twilight%20Zone%20%28Classic%29_S03E06_The%20Mirror.mp4|https://archive.org/download/the-twilight-zone-classic-s-02-e-02-the-thirty-fathom-grave/The%20Twilight%20Zone%20%28Classic%29_S03E06_The%20Mirror.ia.mp4
6357,3,7,https://archive.org/download/the-twilight-zone-classic-s-02-e-02-the-thirty-fathom-grave/The%20Twilight%20Zone%20%28Classic%29_S03E07_The%20Grave.mp4|https://archive.org/download/the-twilight-zone-classic-s-02-e-02-the-thirty-fathom-grave/The%20Twilight%20Zone%20%28Classic%29_S03E07_The%20Grave.ia.mp4
6357,3,8,https://archive.org/download/the-twilight-zone-classic-s-02-e-02-the-thirty-fathom-grave/The%20Twilight%20Zone%20%28Classic%29_S03E08_It%27s%20a%20Good%20Life.mp4|https://archive.org/download/the-twilight-zone-classic-s-02-e-02-the-thirty-fathom-grave/The%20Twilight%20Zone%20%28Classic%29_S03E08_It%27s%20a%20Good%20Life.ia.mp4
6357,3,9,https://archive.org/download/the-twilight-zone-classic-s-02-e-02-the-thirty-fathom-grave/The%20Twilight%20Zone%20%28Classic%29_S03E09_Death%27s%20Head%20Revisited.mp4|https://archive.org/download/the-twilight-zone-classic-s-02-e-02-the-thirty-fathom-grave/The%20Twilight%20Zone%20%28Classic%29_S03E09_Death%27s%20Head%20Revisited.ia.mp4
6357,3,10,https://archive.org/download/the-twilight-zone-classic-s-02-e-02-the-thirty-fathom-grave/The%20Twilight%20Zone%20%28Classic%29_S03E10_The%20Midnight%20Sun.mp4|https://archive.org/download/the-twilight-zone-classic-s-02-e-02-the-thirty-fathom-grave/The%20Twilight%20Zone%20%28Classic%29_S03E10_The%20Midnight%20Sun.ia.mp4
6357,3,11,https://archive.org/download/the-twilight-zone-classic-s-02-e-02-the-thirty-fathom-grave/The%20Twilight%20Zone%20%28Classic%29_S03E11_Still%20Valley.mp4|https://archive.org/download/the-twilight-zone-classic-s-02-e-02-the-thirty-fathom-grave/The%20Twilight%20Zone%20%28Classic%29_S03E11_Still%20Valley.ia.mp4
6357,3,12,https://archive.org/download/the-twilight-zone-classic-s-02-e-02-the-thirty-fathom-grave/The%20Twilight%20Zone%20%28Classic%29_S03E12_The%20Jungle.mp4|https://archive.org/download/the-twilight-zone-classic-s-02-e-02-the-thirty-fathom-grave/The%20Twilight%20Zone%20%28Classic%29_S03E12_The%20Jungle.ia.mp4
6357,3,13,https://archive.org/download/the-twilight-zone-classic-s-02-e-02-the-thirty-fathom-grave/The%20Twilight%20Zone%20%28Classic%29_S03E13_Once%20Upon%20a%20Time.mp4|https://archive.org/download/the-twilight-zone-classic-s-02-e-02-the-thirty-fathom-grave/The%20Twilight%20Zone%20%28Classic%29_S03E13_Once%20Upon%20a%20Time.ia.mp4
6357,3,14,https://archive.org/download/the-twilight-zone-classic-s-02-e-02-the-thirty-fathom-grave/The%20Twilight%20Zone%20%28Classic%29_S03E14_Five%20Characters%20in%20Search%20of%20an%20Exit.mp4|https://archive.org/download/the-twilight-zone-classic-s-02-e-02-the-thirty-fathom-grave/The%20Twilight%20Zone%20%28Classic%29_S03E14_Five%20Characters%20in%20Search%20of%20an%20Exit.ia.mp4
6357,3,15,https://archive.org/download/the-twilight-zone-classic-s-02-e-02-the-thirty-fathom-grave/The%20Twilight%20Zone%20%28Classic%29_S03E15_A%20Quality%20of%20Mercy.mp4|https://archive.org/download/the-twilight-zone-classic-s-02-e-02-the-thirty-fathom-grave/The%20Twilight%20Zone%20%28Classic%29_S03E15_A%20Quality%20of%20Mercy.ia.mp4
6357,3,16,https://archive.org/download/the-twilight-zone-classic-s-02-e-02-the-thirty-fathom-grave/The%20Twilight%20Zone%20%28Classic%29_S03E16_Nothing%20in%20the%20Dark.mp4|https://archive.org/download/the-twilight-zone-classic-s-02-e-02-the-thirty-fathom-grave/The%20Twilight%20Zone%20%28Classic%29_S03E16_Nothing%20in%20the%20Dark.ia.mp4
6357,3,17,https://archive.org/download/the-twilight-zone-classic-s-02-e-02-the-thirty-fathom-grave/The%20Twilight%20Zone%20%28Classic%29_S03E17_One%20More%20Pallbearer.mp4|https://archive.org/download/the-twilight-zone-classic-s-02-e-02-the-thirty-fathom-grave/The%20Twilight%20Zone%20%28Classic%29_S03E17_One%20More%20Pallbearer.ia.mp4
6357,3,18,https://archive.org/download/the-twilight-zone-classic-s-02-e-02-the-thirty-fathom-grave/The%20Twilight%20Zone%20%28Classic%29_S03E18_Dead%20Man%27s%20Shoes.mp4|https://archive.org/download/the-twilight-zone-classic-s-02-e-02-the-thirty-fathom-grave/The%20Twilight%20Zone%20%28Classic%29_S03E18_Dead%20Man%27s%20Shoes.ia.mp4
6357,3,19,https://archive.org/download/the-twilight-zone-classic-s-02-e-02-the-thirty-fathom-grave/The%20Twilight%20Zone%20%28Classic%29_S03E19_The%20Hunt.mp4|https://archive.org/download/the-twilight-zone-classic-s-02-e-02-the-thirty-fathom-grave/The%20Twilight%20Zone%20%28Classic%29_S03E19_The%20Hunt.ia.mp4
6357,3,20,https://archive.org/download/the-twilight-zone-classic-s-02-e-02-the-thirty-fathom-grave/The%20Twilight%20Zone%20%28Classic%29_S03E20_Showdown%20with%20Rance%20McGrew.mp4|https://archive.org/download/the-twilight-zone-classic-s-02-e-02-the-thirty-fathom-grave/The%20Twilight%20Zone%20%28Classic%29_S03E20_Showdown%20with%20Rance%20McGrew.ia.mp4
6357,3,21,https://archive.org/download/the-twilight-zone-classic-s-02-e-02-the-thirty-fathom-grave/The%20Twilight%20Zone%20%28Classic%29_S03E21_Kick%20the%20Can.mp4|https://archive.org/download/the-twilight-zone-classic-s-02-e-02-the-thirty-fathom-grave/The%20Twilight%20Zone%20%28Classic%29_S03E21_Kick%20the%20Can.ia.mp4
6357,3,22,https://archive.org/download/04-twilight-zone-s-01-e-04-16-millimeter-shrine/The%20Twilight%20Zone_S03E22_A%20Piano%20in%20the%20House.mp4
6357,3,23,https://archive.org/download/04-twilight-zone-s-01-e-04-16-millimeter-shrine/The%20Twilight%20Zone_S03E23_The%20Last%20Rites%20of%20Jeff%20Myrtlebank.mp4
6357,3,24,https://archive.org/download/04-twilight-zone-s-01-e-04-16-millimeter-shrine/The%20Twilight%20Zone_S03E24_To%20Serve%20Man.mp4
6357,3,25,https://archive.org/download/04-twilight-zone-s-01-e-04-16-millimeter-shrine/The%20Twilight%20Zone_S03E25_The%20Fugitive.mp4
6357,3,26,https://archive.org/download/04-twilight-zone-s-01-e-04-16-millimeter-shrine/The%20Twilight%20Zone_S03E26_Little%20Girl%20Lost.mp4
6357,3,27,https://archive.org/download/04-twilight-zone-s-01-e-04-16-millimeter-shrine/The%20Twilight%20Zone_S03E27_Person%20or%20Persons%20Unknown.mp4
6357,3,28,https://archive.org/download/04-twilight-zone-s-01-e-04-16-millimeter-shrine/The%20Twilight%20Zone_S03E28_The%20Little%20People.mp4
6357,3,29,https://archive.org/download/04-twilight-zone-s-01-e-04-16-millimeter-shrine/The%20Twilight%20Zone_S03E29_Four%20O%27Clock.mp4
6357,3,30,https://archive.org/download/04-twilight-zone-s-01-e-04-16-millimeter-shrine/The%20Twilight%20Zone_S03E30_Hocus%20Pocus%20%26%20Frisby.mp4
6357,3,31,https://archive.org/download/04-twilight-zone-s-01-e-04-16-millimeter-shrine/The%20Twilight%20Zone_S03E31_The%20Trade-Ins.mp4
6357,3,32,https://archive.org/download/04-twilight-zone-s-01-e-04-16-millimeter-shrine/The%20Twilight%20Zone_S03E32_The%20Gift.mp4
6357,3,33,https://archive.org/download/04-twilight-zone-s-01-e-04-16-millimeter-shrine/The%20Twilight%20Zone_S03E33_The%20Dummy.mp4
6357,3,34,https://archive.org/download/04-twilight-zone-s-01-e-04-16-millimeter-shrine/The%20Twilight%20Zone_S03E34_Young%20Man%27s%20Fancy.mp4
6357,3,35,https://archive.org/download/04-twilight-zone-s-01-e-04-16-millimeter-shrine/The%20Twilight%20Zone_S03E35_I%20Sing%20the%20Body%20Electric.mp4
6357,3,36,https://archive.org/download/04-twilight-zone-s-01-e-04-16-millimeter-shrine/The%20Twilight%20Zone_S03E36_Cavender%20is%20Coming.mp4
6357,3,37,https://archive.org/download/04-twilight-zone-s-01-e-04-16-millimeter-shrine/The%20Twilight%20Zone_S03E37_The%20Changing%20of%20the%20Guard.mp4
6357,4,1,https://archive.org/download/the-twilight-zone-classic-s-02-e-02-the-thirty-fathom-grave/The%20Twilight%20Zone%20%28Classic%29_S02E01_In%20His%20Image.mp4|https://archive.org/download/the-twilight-zone-classic-s-02-e-02-the-thirty-fathom-grave/The%20Twilight%20Zone%20%28Classic%29_S02E01_In%20His%20Image.ia.mp4
6357,4,2,https://archive.org/download/the-twilight-zone-classic-s-02-e-02-the-thirty-fathom-grave/The%20Twilight%20Zone%20%28Classic%29_S02E02_The%20Thirty-Fathom%20Grave.mp4|https://archive.org/download/the-twilight-zone-classic-s-02-e-02-the-thirty-fathom-grave/The%20Twilight%20Zone%20%28Classic%29_S02E02_The%20Thirty-Fathom%20Grave.ia.mp4
6357,4,3,https://archive.org/download/the-twilight-zone-classic-s-02-e-02-the-thirty-fathom-grave/The%20Twilight%20Zone%20%28Classic%29_S02E03_Valley%20of%20the%20Shadow.mp4|https://archive.org/download/the-twilight-zone-classic-s-02-e-02-the-thirty-fathom-grave/The%20Twilight%20Zone%20%28Classic%29_S02E03_Valley%20of%20the%20Shadow.ia.mp4
6357,4,4,https://archive.org/download/the-twilight-zone-classic-s-02-e-02-the-thirty-fathom-grave/The%20Twilight%20Zone%20%28Classic%29_S02E04_He%27s%20Alive.mp4|https://archive.org/download/the-twilight-zone-classic-s-02-e-02-the-thirty-fathom-grave/The%20Twilight%20Zone%20%28Classic%29_S02E04_He%27s%20Alive.ia.mp4
6357,4,5,https://archive.org/download/the-twilight-zone-classic-s-02-e-02-the-thirty-fathom-grave/The%20Twilight%20Zone%20%28Classic%29_S02E05_The%20Mute.mp4|https://archive.org/download/the-twilight-zone-classic-s-02-e-02-the-thirty-fathom-grave/The%20Twilight%20Zone%20%28Classic%29_S02E05_The%20Mute.ia.mp4
6357,4,6,https://archive.org/download/the-twilight-zone-classic-s-02-e-02-the-thirty-fathom-grave/The%20Twilight%20Zone%20%28Classic%29_S02E06_Death%20Ship.mp4|https://archive.org/download/the-twilight-zone-classic-s-02-e-02-the-thirty-fathom-grave/The%20Twilight%20Zone%20%28Classic%29_S02E06_Death%20Ship.ia.mp4
6357,4,7,https://archive.org/download/the-twilight-zone-classic-s-02-e-02-the-thirty-fathom-grave/The%20Twilight%20Zone%20%28Classic%29_S02E07_Jess-Belle.mp4|https://archive.org/download/the-twilight-zone-classic-s-02-e-02-the-thirty-fathom-grave/The%20Twilight%20Zone%20%28Classic%29_S02E07_Jess-Belle.ia.mp4
6357,4,8,https://archive.org/download/the-twilight-zone-classic-s-02-e-02-the-thirty-fathom-grave/The%20Twilight%20Zone%20%28Classic%29_S02E08_Miniature.mp4|https://archive.org/download/the-twilight-zone-classic-s-02-e-02-the-thirty-fathom-grave/The%20Twilight%20Zone%20%28Classic%29_S02E08_Miniature.ia.mp4
6357,4,9,https://archive.org/download/the-twilight-zone-classic-s-02-e-02-the-thirty-fathom-grave/The%20Twilight%20Zone%20%28Classic%29_S02E09_Printer%27s%20Devil.mp4|https://archive.org/download/the-twilight-zone-classic-s-02-e-02-the-thirty-fathom-grave/The%20Twilight%20Zone%20%28Classic%29_S02E09_Printer%27s%20Devil.ia.mp4
6357,4,10,https://archive.org/download/the-twilight-zone-classic-s-02-e-02-the-thirty-fathom-grave/The%20Twilight%20Zone%20%28Classic%29_S02E10_No%20Time%20Like%20the%20Past.mp4|https://archive.org/download/the-twilight-zone-classic-s-02-e-02-the-thirty-fathom-grave/The%20Twilight%20Zone%20%28Classic%29_S02E10_No%20Time%20Like%20the%20Past.ia.mp4
6357,4,11,https://archive.org/download/the-twilight-zone-classic-s-02-e-02-the-thirty-fathom-grave/The%20Twilight%20Zone%20%28Classic%29_S02E11_The%20Parallel.mp4|https://archive.org/download/the-twilight-zone-classic-s-02-e-02-the-thirty-fathom-grave/The%20Twilight%20Zone%20%28Classic%29_S02E11_The%20Parallel.ia.mp4
6357,4,12,https://archive.org/download/the-twilight-zone-classic-s-02-e-02-the-thirty-fathom-grave/The%20Twilight%20Zone%20%28Classic%29_S02E12_I%20Dream%20of%20Genie.mp4|https://archive.org/download/the-twilight-zone-classic-s-02-e-02-the-thirty-fathom-grave/The%20Twilight%20Zone%20%28Classic%29_S02E12_I%20Dream%20of%20Genie.ia.mp4
6357,4,13,https://archive.org/download/the-twilight-zone-classic-s-02-e-02-the-thirty-fathom-grave/The%20Twilight%20Zone%20%28Classic%29_S02E13_The%20New%20Exhibit.mp4|https://archive.org/download/the-twilight-zone-classic-s-02-e-02-the-thirty-fathom-grave/The%20Twilight%20Zone%20%28Classic%29_S02E13_The%20New%20Exhibit.ia.mp4
6357,4,14,https://archive.org/download/the-twilight-zone-classic-s-02-e-02-the-thirty-fathom-grave/The%20Twilight%20Zone%20%28Classic%29_S02E14_Of%20Late%20I%20Think%20of%20Cliffordville.mp4|https://archive.org/download/the-twilight-zone-classic-s-02-e-02-the-thirty-fathom-grave/The%20Twilight%20Zone%20%28Classic%29_S02E14_Of%20Late%20I%20Think%20of%20Cliffordville.ia.mp4
6357,4,15,https://archive.org/download/the-twilight-zone-classic-s-02-e-02-the-thirty-fathom-grave/The%20Twilight%20Zone%20%28Classic%29_S02E15_The%20Incredible%20World%20of%20Horace%20Ford.mp4|https://archive.org/download/the-twilight-zone-classic-s-02-e-02-the-thirty-fathom-grave/The%20Twilight%20Zone%20%28Classic%29_S02E15_The%20Incredible%20World%20of%20Horace%20Ford.ia.mp4
6357,4,16,https://archive.org/download/the-twilight-zone-classic-s-02-e-02-the-thirty-fathom-grave/The%20Twilight%20Zone%20%28Classic%29_S02E16_On%20Thursday%20We%20Leave%20for%20Home.mp4|https://archive.org/download/the-twilight-zone-classic-s-02-e-02-the-thirty-fathom-grave/The%20Twilight%20Zone%20%28Classic%29_S02E16_On%20Thursday%20We%20Leave%20for%20Home.ia.mp4
6357,4,17,https://archive.org/download/the-twilight-zone-classic-s-02-e-02-the-thirty-fathom-grave/The%20Twilight%20Zone%20%28Classic%29_S02E17_Passage%20On%20the%20Lady%20Anne.mp4|https://archive.org/download/the-twilight-zone-classic-s-02-e-02-the-thirty-fathom-grave/The%20Twilight%20Zone%20%28Classic%29_S02E17_Passage%20On%20the%20Lady%20Anne.ia.mp4
6357,4,18,https://archive.org/download/the-twilight-zone-classic-s-02-e-02-the-thirty-fathom-grave/The%20Twilight%20Zone%20%28Classic%29_S02E18_The%20Bard.mp4|https://archive.org/download/the-twilight-zone-classic-s-02-e-02-the-thirty-fathom-grave/The%20Twilight%20Zone%20%28Classic%29_S02E18_The%20Bard.ia.mp4
6357,5,1,https://archive.org/download/the-twilight-zone-classic-s-02-e-02-the-thirty-fathom-grave/The%20Twilight%20Zone%20%28Classic%29_S01E01_In%20Praise%20of%20Pip.mp4|https://archive.org/download/the-twilight-zone-classic-s-02-e-02-the-thirty-fathom-grave/The%20Twilight%20Zone%20%28Classic%29_S01E01_In%20Praise%20of%20Pip.ia.mp4
6357,5,2,https://archive.org/download/the-twilight-zone-classic-s-02-e-02-the-thirty-fathom-grave/The%20Twilight%20Zone%20%28Classic%29_S01E02_Steel.mp4|https://archive.org/download/the-twilight-zone-classic-s-02-e-02-the-thirty-fathom-grave/The%20Twilight%20Zone%20%28Classic%29_S01E02_Steel.ia.mp4
6357,5,3,https://archive.org/download/the-twilight-zone-classic-s-02-e-02-the-thirty-fathom-grave/The%20Twilight%20Zone%20%28Classic%29_S01E03_Nightmare%20at%2020%2C000%20Feet.mp4|https://archive.org/download/the-twilight-zone-classic-s-02-e-02-the-thirty-fathom-grave/The%20Twilight%20Zone%20%28Classic%29_S01E03_Nightmare%20at%2020%2C000%20Feet.ia.mp4
6357,5,4,https://archive.org/download/the-twilight-zone-classic-s-02-e-02-the-thirty-fathom-grave/The%20Twilight%20Zone%20%28Classic%29_S01E04_A%20Kind%20of%20a%20Stopwatch.mp4|https://archive.org/download/the-twilight-zone-classic-s-02-e-02-the-thirty-fathom-grave/The%20Twilight%20Zone%20%28Classic%29_S01E04_A%20Kind%20of%20a%20Stopwatch.ia.mp4
6357,5,5,https://archive.org/download/the-twilight-zone-classic-s-02-e-02-the-thirty-fathom-grave/The%20Twilight%20Zone%20%28Classic%29_S01E05_The%20Last%20Night%20of%20a%20Jockey.mp4|https://archive.org/download/the-twilight-zone-classic-s-02-e-02-the-thirty-fathom-grave/The%20Twilight%20Zone%20%28Classic%29_S01E05_The%20Last%20Night%20of%20a%20Jockey.ia.mp4
6357,5,6,https://archive.org/download/the-twilight-zone-classic-s-02-e-02-the-thirty-fathom-grave/The%20Twilight%20Zone%20%28Classic%29_S01E06_Living%20Doll.mp4|https://archive.org/download/the-twilight-zone-classic-s-02-e-02-the-thirty-fathom-grave/The%20Twilight%20Zone%20%28Classic%29_S01E06_Living%20Doll.ia.mp4
6357,5,7,https://archive.org/download/the-twilight-zone-classic-s-02-e-02-the-thirty-fathom-grave/The%20Twilight%20Zone%20%28Classic%29_S01E07_The%20Old%20Man%20in%20the%20Cave.mp4|https://archive.org/download/the-twilight-zone-classic-s-02-e-02-the-thirty-fathom-grave/The%20Twilight%20Zone%20%28Classic%29_S01E07_The%20Old%20Man%20in%20the%20Cave.ia.mp4
6357,5,8,https://archive.org/download/the-twilight-zone-classic-s-02-e-02-the-thirty-fathom-grave/The%20Twilight%20Zone%20%28Classic%29_S01E08_Uncle%20Simon.mp4|https://archive.org/download/the-twilight-zone-classic-s-02-e-02-the-thirty-fathom-grave/The%20Twilight%20Zone%20%28Classic%29_S01E08_Uncle%20Simon.ia.mp4
6357,5,9,https://archive.org/download/the-twilight-zone-classic-s-02-e-02-the-thirty-fathom-grave/The%20Twilight%20Zone%20%28Classic%29_S01E09_Night%20Call.mp4|https://archive.org/download/the-twilight-zone-classic-s-02-e-02-the-thirty-fathom-grave/The%20Twilight%20Zone%20%28Classic%29_S01E09_Night%20Call.ia.mp4
6357,5,10,https://archive.org/download/the-twilight-zone-classic-s-02-e-02-the-thirty-fathom-grave/The%20Twilight%20Zone%20%28Classic%29_S01E10_Probe%207%2C%20Over%20and%20Out.mp4|https://archive.org/download/the-twilight-zone-classic-s-02-e-02-the-thirty-fathom-grave/The%20Twilight%20Zone%20%28Classic%29_S01E10_Probe%207%2C%20Over%20and%20Out.ia.mp4
6357,5,11,https://archive.org/download/the-twilight-zone-classic-s-02-e-02-the-thirty-fathom-grave/The%20Twilight%20Zone%20%28Classic%29_S01E11_The%207th%20is%20Made%20Up%20of%20Phantoms.mp4|https://archive.org/download/the-twilight-zone-classic-s-02-e-02-the-thirty-fathom-grave/The%20Twilight%20Zone%20%28Classic%29_S01E11_The%207th%20is%20Made%20Up%20of%20Phantoms.ia.mp4
6357,5,12,https://archive.org/download/the-twilight-zone-classic-s-02-e-02-the-thirty-fathom-grave/The%20Twilight%20Zone%20%28Classic%29_S01E12_A%20Short%20Drink%20from%20a%20Certain%20Fountain.mp4|https://archive.org/download/the-twilight-zone-classic-s-02-e-02-the-thirty-fathom-grave/The%20Twilight%20Zone%20%28Classic%29_S01E12_A%20Short%20Drink%20from%20a%20Certain%20Fountain.ia.mp4
6357,5,13,https://archive.org/download/the-twilight-zone-classic-s-02-e-02-the-thirty-fathom-grave/The%20Twilight%20Zone%20%28Classic%29_S01E13_Ninety%20Years%20Without%20Slumbering.mp4|https://archive.org/download/the-twilight-zone-classic-s-02-e-02-the-thirty-fathom-grave/The%20Twilight%20Zone%20%28Classic%29_S01E13_Ninety%20Years%20Without%20Slumbering.ia.mp4
6357,5,14,https://archive.org/download/the-twilight-zone-classic-s-02-e-02-the-thirty-fathom-grave/The%20Twilight%20Zone%20%28Classic%29_S01E14_Ring-A-Ding%20Girl.mp4|https://archive.org/download/the-twilight-zone-classic-s-02-e-02-the-thirty-fathom-grave/The%20Twilight%20Zone%20%28Classic%29_S01E14_Ring-A-Ding%20Girl.ia.mp4
6357,5,15,https://archive.org/download/the-twilight-zone-classic-s-02-e-02-the-thirty-fathom-grave/The%20Twilight%20Zone%20%28Classic%29_S01E15_You%20Drive.mp4|https://archive.org/download/the-twilight-zone-classic-s-02-e-02-the-thirty-fathom-grave/The%20Twilight%20Zone%20%28Classic%29_S01E15_You%20Drive.ia.mp4
6357,5,16,https://archive.org/download/the-twilight-zone-classic-s-02-e-02-the-thirty-fathom-grave/The%20Twilight%20Zone%20%28Classic%29_S01E16_Number%20Twelve%20Looks%20Just%20Like%20You.mp4|https://archive.org/download/the-twilight-zone-classic-s-02-e-02-the-thirty-fathom-grave/The%20Twilight%20Zone%20%28Classic%29_S01E16_Number%20Twelve%20Looks%20Just%20Like%20You.ia.mp4
6357,5,17,https://archive.org/download/the-twilight-zone-classic-s-02-e-02-the-thirty-fathom-grave/The%20Twilight%20Zone%20%28Classic%29_S01E17_The%20Long%20Morrow.mp4|https://archive.org/download/the-twilight-zone-classic-s-02-e-02-the-thirty-fathom-grave/The%20Twilight%20Zone%20%28Classic%29_S01E17_The%20Long%20Morrow.ia.mp4
6357,5,18,https://archive.org/download/the-twilight-zone-classic-s-02-e-02-the-thirty-fathom-grave/The%20Twilight%20Zone%20%28Classic%29_S01E18_The%20Self%20Improvement%20of%20Salvadore%20Ross.mp4|https://archive.org/download/the-twilight-zone-classic-s-02-e-02-the-thirty-fathom-grave/The%20Twilight%20Zone%20%28Classic%29_S01E18_The%20Self%20Improvement%20of%20Salvadore%20Ross.ia.mp4
6357,5,19,https://archive.org/download/the-twilight-zone-classic-s-02-e-02-the-thirty-fathom-grave/The%20Twilight%20Zone%20%28Classic%29_S01E19_Black%20Leather%20Jackets.mp4|https://archive.org/download/the-twilight-zone-classic-s-02-e-02-the-thirty-fathom-grave/The%20Twilight%20Zone%20%28Classic%29_S01E19_Black%20Leather%20Jackets.ia.mp4
6357,5,20,https://archive.org/download/the-twilight-zone-classic-s-02-e-02-the-thirty-fathom-grave/The%20Twilight%20Zone%20%28Classic%29_S01E20_From%20Agnes-With%20Love.mp4|https://archive.org/download/the-twilight-zone-classic-s-02-e-02-the-thirty-fathom-grave/The%20Twilight%20Zone%20%28Classic%29_S01E20_From%20Agnes-With%20Love.ia.mp4
6357,5,21,https://archive.org/download/the-twilight-zone-classic-s-02-e-02-the-thirty-fathom-grave/The%20Twilight%20Zone%20%28Classic%29_S01E21_Spur%20of%20the%20Moment.mp4|https://archive.org/download/the-twilight-zone-classic-s-02-e-02-the-thirty-fathom-grave/The%20Twilight%20Zone%20%28Classic%29_S01E21_Spur%20of%20the%20Moment.ia.mp4
6357,5,22,https://archive.org/download/the-twilight-zone-classic-s-02-e-02-the-thirty-fathom-grave/The%20Twilight%20Zone%20%28Classic%29_S01E22_Stopover%20in%20a%20Quiet%20Town.mp4|https://archive.org/download/the-twilight-zone-classic-s-02-e-02-the-thirty-fathom-grave/The%20Twilight%20Zone%20%28Classic%29_S01E22_Stopover%20in%20a%20Quiet%20Town.ia.mp4
6357,5,23,https://archive.org/download/the-twilight-zone-classic-s-02-e-02-the-thirty-fathom-grave/The%20Twilight%20Zone%20%28Classic%29_S01E23_An%20Occurrence%20at%20Owl%20Creek%20Bridge.mp4|https://archive.org/download/the-twilight-zone-classic-s-02-e-02-the-thirty-fathom-grave/The%20Twilight%20Zone%20%28Classic%29_S01E23_An%20Occurrence%20at%20Owl%20Creek%20Bridge.ia.mp4
6357,5,24,https://archive.org/download/the-twilight-zone-classic-s-02-e-02-the-thirty-fathom-grave/The%20Twilight%20Zone%20%28Classic%29_S01E24_Queen%20of%20the%20Nile.mp4|https://archive.org/download/the-twilight-zone-classic-s-02-e-02-the-thirty-fathom-grave/The%20Twilight%20Zone%20%28Classic%29_S01E24_Queen%20of%20the%20Nile.ia.mp4
6357,5,25,https://archive.org/download/the-twilight-zone-classic-s-02-e-02-the-thirty-fathom-grave/The%20Twilight%20Zone%20%28Classic%29_S01E25_What%27s%20in%20the%20Box.mp4|https://archive.org/download/the-twilight-zone-classic-s-02-e-02-the-thirty-fathom-grave/The%20Twilight%20Zone%20%28Classic%29_S01E25_What%27s%20in%20the%20Box.ia.mp4
6357,5,26,https://archive.org/download/the-twilight-zone-classic-s-02-e-02-the-thirty-fathom-grave/The%20Twilight%20Zone%20%28Classic%29_S01E26_The%20Masks.mp4|https://archive.org/download/the-twilight-zone-classic-s-02-e-02-the-thirty-fathom-grave/The%20Twilight%20Zone%20%28Classic%29_S01E26_The%20Masks.ia.mp4
6357,5,27,https://archive.org/download/the-twilight-zone-classic-s-02-e-02-the-thirty-fathom-grave/The%20Twilight%20Zone%20%28Classic%29_S01E27_I%20Am%20the%20Night-Color%20me%20Black.mp4|https://archive.org/download/the-twilight-zone-classic-s-02-e-02-the-thirty-fathom-grave/The%20Twilight%20Zone%20%28Classic%29_S01E27_I%20Am%20the%20Night-Color%20me%20Black.ia.mp4
6357,5,28,https://archive.org/download/the-twilight-zone-classic-s-02-e-02-the-thirty-fathom-grave/The%20Twilight%20Zone%20%28Classic%29_S01E28_Sounds%20and%20Silences.mp4|https://archive.org/download/the-twilight-zone-classic-s-02-e-02-the-thirty-fathom-grave/The%20Twilight%20Zone%20%28Classic%29_S01E28_Sounds%20and%20Silences.ia.mp4
6357,5,29,https://archive.org/download/the-twilight-zone-classic-s-02-e-02-the-thirty-fathom-grave/The%20Twilight%20Zone%20%28Classic%29_S01E29_Caesar%20and%20Me.mp4|https://archive.org/download/the-twilight-zone-classic-s-02-e-02-the-thirty-fathom-grave/The%20Twilight%20Zone%20%28Classic%29_S01E29_Caesar%20and%20Me.ia.mp4
6357,5,30,https://archive.org/download/the-twilight-zone-classic-s-02-e-02-the-thirty-fathom-grave/The%20Twilight%20Zone%20%28Classic%29_S01E30_The%20Jeopardy%20Room.mp4|https://archive.org/download/the-twilight-zone-classic-s-02-e-02-the-thirty-fathom-grave/The%20Twilight%20Zone%20%28Classic%29_S01E30_The%20Jeopardy%20Room.ia.mp4
6357,5,31,https://archive.org/download/the-twilight-zone-classic-s-02-e-02-the-thirty-fathom-grave/The%20Twilight%20Zone%20%28Classic%29_S01E31_The%20Encounter.mp4|https://archive.org/download/the-twilight-zone-classic-s-02-e-02-the-thirty-fathom-grave/The%20Twilight%20Zone%20%28Classic%29_S01E31_The%20Encounter.ia.mp4
6357,5,32,https://archive.org/download/the-twilight-zone-classic-s-02-e-02-the-thirty-fathom-grave/The%20Twilight%20Zone%20%28Classic%29_S01E32_Mr.%20Garrity%20and%20the%20Graves.mp4|https://archive.org/download/the-twilight-zone-classic-s-02-e-02-the-thirty-fathom-grave/The%20Twilight%20Zone%20%28Classic%29_S01E32_Mr.%20Garrity%20and%20the%20Graves.ia.mp4
6357,5,33,https://archive.org/download/the-twilight-zone-classic-s-02-e-02-the-thirty-fathom-grave/The%20Twilight%20Zone%20%28Classic%29_S01E33_The%20Brain%20Center%20at%20Whipple%27s.mp4|https://archive.org/download/the-twilight-zone-classic-s-02-e-02-the-thirty-fathom-grave/The%20Twilight%20Zone%20%28Classic%29_S01E33_The%20Brain%20Center%20at%20Whipple%27s.ia.mp4
6357,5,34,https://archive.org/download/the-twilight-zone-classic-s-02-e-02-the-thirty-fathom-grave/The%20Twilight%20Zone%20%28Classic%29_S01E34_Come%20Wander%20with%20Me.mp4|https://archive.org/download/the-twilight-zone-classic-s-02-e-02-the-thirty-fathom-grave/The%20Twilight%20Zone%20%28Classic%29_S01E34_Come%20Wander%20with%20Me.ia.mp4
6357,5,35,https://archive.org/download/the-twilight-zone-classic-s-02-e-02-the-thirty-fathom-grave/The%20Twilight%20Zone%20%28Classic%29_S01E35_The%20Fear.mp4|https://archive.org/download/the-twilight-zone-classic-s-02-e-02-the-thirty-fathom-grave/The%20Twilight%20Zone%20%28Classic%29_S01E35_The%20Fear.ia.mp4
6357,5,36,https://archive.org/download/the-twilight-zone-classic-s-02-e-02-the-thirty-fathom-grave/The%20Twilight%20Zone%20%28Classic%29_S01E36_The%20Bewitchin%27%20Pool.mp4|https://archive.org/download/the-twilight-zone-classic-s-02-e-02-the-thirty-fathom-grave/The%20Twilight%20Zone%20%28Classic%29_S01E36_The%20Bewitchin%27%20Pool.ia.mp4
4018,1,1,https://archive.org/download/QLSeason1/Episode%201.mp4|https://dn790001.ca.archive.org/0/items/series-1-1-2-quantum-leap-genesis/Quantum.Leap.S01E01E02.1080p.HEVC.x265.10bit.Bearfish.mp4
4018,1,2,https://archive.org/download/QLSeason1/Episode%202.mp4|https://archive.org/download/QLSeason1/Episode%202.ia.mp4
4018,1,3,https://archive.org/download/QLSeason1/Episode%203.mp4|https://archive.org/download/QLSeason1/Episode%203.ia.mp4
4018,1,4,https://archive.org/download/QLSeason1/Episode%204.mp4|https://archive.org/download/QLSeason1/Episode%204.ia.mp4
4018,1,5,https://archive.org/download/QLSeason1/Episode%205.mp4|https://archive.org/download/QLSeason1/Episode%205.ia.mp4
4018,1,6,https://archive.org/download/QLSeason1/Episode%206.mp4|https://archive.org/download/QLSeason1/Episode%206.ia.mp4
4018,1,7,https://archive.org/download/QLSeason1/Episode%207.mp4|https://archive.org/download/QLSeason1/Episode%207.ia.mp4
4018,1,8,https://archive.org/download/QLSeason1/Episode%208.mp4|https://archive.org/download/QLSeason1/Episode%208.ia.mp4
4018,2,1,https://archive.org/download/QLSeason2/Episode%201.mp4|https://archive.org/download/QLSeason2/Episode%201.ia.mp4
4018,2,2,https://archive.org/download/QLSeason2/Episode%202.mp4|https://archive.org/download/QLSeason2/Episode%202.ia.mp4
4018,2,3,https://archive.org/download/QLSeason2/Episode%203.mp4|https://archive.org/download/QLSeason2/Episode%203.ia.mp4
4018,2,4,https://archive.org/download/QLSeason2/Episode%204.mp4|https://archive.org/download/QLSeason2/Episode%204.ia.mp4
4018,2,5,https://archive.org/download/QLSeason2/Episode%205.mp4|https://archive.org/download/QLSeason2/Episode%205.ia.mp4
4018,2,6,https://archive.org/download/QLSeason2/Episode%206.mp4|https://archive.org/download/QLSeason2/Episode%206.ia.mp4
4018,2,7,https://archive.org/download/QLSeason2/Episode%207.mp4|https://archive.org/download/QLSeason2/Episode%207.ia.mp4
4018,2,8,https://archive.org/download/QLSeason2/Episode%208.mp4|https://archive.org/download/QLSeason2/Episode%208.ia.mp4
4018,2,9,https://archive.org/download/QLSeason2/Episode%209.mp4|https://archive.org/download/QLSeason2/Episode%209.ia.mp4
4018,2,10,https://archive.org/download/QLSeason2/Episode%2010.mp4|https://archive.org/download/QLSeason2/Episode%2010.ia.mp4
4018,2,11,https://archive.org/download/QLSeason2/Episode%2011.mp4|https://archive.org/download/QLSeason2/Episode%2011.ia.mp4
4018,2,12,https://archive.org/download/QLSeason2/Episode%2012.mp4|https://archive.org/download/QLSeason2/Episode%2012.ia.mp4
4018,2,13,https://archive.org/download/QLSeason2/Episode%2013.mp4|https://archive.org/download/QLSeason2/Episode%2013.ia.mp4
4018,2,14,https://archive.org/download/QLSeason2/Episode%2014.mp4|https://archive.org/download/QLSeason2/Episode%2014.ia.mp4
4018,2,15,https://archive.org/download/QLSeason2/Episode%2015.mp4|https://archive.org/download/QLSeason2/Episode%2015.ia.mp4
4018,2,16,https://archive.org/download/QLSeason2/Episode%2016.mp4|https://archive.org/download/QLSeason2/Episode%2016.ia.mp4
4018,2,17,https://archive.org/download/QLSeason2/Episode%2017.mp4|https://archive.org/download/QLSeason2/Episode%2017.ia.mp4
4018,2,18,https://archive.org/download/QLSeason2/Episode%2018.mp4|https://archive.org/download/QLSeason2/Episode%2018.ia.mp4
4018,2,19,https://archive.org/download/QLSeason2/Episode%2019.mp4|https://archive.org/download/QLSeason2/Episode%2019.ia.mp4
4018,2,20,https://archive.org/download/QLSeason2/Episode%2020.mp4|https://archive.org/download/QLSeason2/Episode%2020.ia.mp4
4018,2,21,https://archive.org/download/QLSeason2/Episode%2021.mp4|https://archive.org/download/QLSeason2/Episode%2021.ia.mp4
4018,2,22,https://archive.org/download/QLSeason2/Episode%2022.mp4|https://archive.org/download/QLSeason2/Episode%2022.ia.mp4
4018,3,1,https://archive.org/download/qlseason-3/Episode%201.mp4|https://archive.org/download/qlseason-3/Episode%201.ia.mp4
4018,3,2,https://archive.org/download/qlseason-3/Episode%202.mp4|https://archive.org/download/qlseason-3/Episode%202.ia.mp4
4018,3,3,https://archive.org/download/qlseason-3/Episode%203.mp4|https://archive.org/download/qlseason-3/Episode%203.ia.mp4
4018,3,4,https://archive.org/download/qlseason-3/Episode%204.mp4|https://archive.org/download/qlseason-3/Episode%204.ia.mp4
4018,3,5,https://archive.org/download/qlseason-3/Episode%205.mp4|https://archive.org/download/qlseason-3/Episode%205.ia.mp4
4018,3,6,https://archive.org/download/qlseason-3/Episode%206.mp4|https://archive.org/download/qlseason-3/Episode%206.ia.mp4
4018,3,7,https://archive.org/download/qlseason-3/Episode%207.mp4|https://archive.org/download/qlseason-3/Episode%207.ia.mp4
4018,3,8,https://archive.org/download/qlseason-3/Episode%208.mp4|https://archive.org/download/qlseason-3/Episode%208.ia.mp4
4018,3,9,https://archive.org/download/qlseason-3/Episode%209.mp4|https://archive.org/download/qlseason-3/Episode%209.ia.mp4
4018,3,10,https://archive.org/download/qlseason-3/Episode%2010.mp4|https://archive.org/download/qlseason-3/Episode%2010.ia.mp4
4018,3,11,https://archive.org/download/qlseason-3/Episode%2011.mp4|https://archive.org/download/qlseason-3/Episode%2011.ia.mp4
4018,3,12,https://archive.org/download/qlseason-3/Episode%2012.mp4|https://archive.org/download/qlseason-3/Episode%2012.ia.mp4
4018,3,13,https://archive.org/download/qlseason-3/Episode%2013.mp4|https://archive.org/download/qlseason-3/Episode%2013.ia.mp4
4018,3,14,https://archive.org/download/qlseason-3/Episode%2014.mp4|https://archive.org/download/qlseason-3/Episode%2014.ia.mp4
4018,3,15,https://archive.org/download/qlseason-3/Episode%2015.mp4|https://archive.org/download/qlseason-3/Episode%2015.ia.mp4
4018,3,16,https://archive.org/download/qlseason-3/Episode%2016.mp4|https://archive.org/download/qlseason-3/Episode%2016.ia.mp4
4018,3,17,https://archive.org/download/qlseason-3/Episode%2017.mp4|https://archive.org/download/qlseason-3/Episode%2017.ia.mp4
4018,3,18,https://archive.org/download/qlseason-3/Episode%2018.mp4|https://archive.org/download/qlseason-3/Episode%2018.ia.mp4
4018,3,19,https://archive.org/download/qlseason-3/Episode%2019.mp4|https://archive.org/download/qlseason-3/Episode%2019.ia.mp4
4018,3,20,https://archive.org/download/qlseason-3/Episode%2020.mp4|https://archive.org/download/qlseason-3/Episode%2020.ia.mp4
4018,3,21,https://archive.org/download/qlseason-3/Episode%2021.mp4|https://archive.org/download/qlseason-3/Episode%2021.ia.mp4
4018,3,22,https://archive.org/download/qlseason-3/Episode%2022.mp4|https://archive.org/download/qlseason-3/Episode%2022.ia.mp4
40075,1,1,https://archive.org/download/GFSeason1/Episode%201.mp4|https://archive.org/download/GFSeason1/Episode%201.ia.mp4
40075,1,2,https://archive.org/download/GFSeason1/Episode%202.mp4|https://archive.org/download/GFSeason1/Episode%202.ia.mp4
40075,1,3,https://archive.org/download/GFSeason1/Episode%203.mp4|https://archive.org/download/GFSeason1/Episode%203.ia.mp4
40075,1,4,https://archive.org/download/GFSeason1/Episode%204.mp4|https://archive.org/download/GFSeason1/Episode%204.ia.mp4
40075,1,5,https://archive.org/download/GFSeason1/Episode%205.mp4|https://archive.org/download/GFSeason1/Episode%205.ia.mp4
40075,1,6,https://archive.org/download/GFSeason1/Episode%206.mp4|https://archive.org/download/GFSeason1/Episode%206.ia.mp4
40075,1,7,https://archive.org/download/GFSeason1/Episode%207.mp4|https://archive.org/download/GFSeason1/Episode%207.ia.mp4
40075,1,8,https://archive.org/download/GFSeason1/Episode%208.mp4|https://archive.org/download/GFSeason1/Episode%208.ia.mp4
40075,1,9,https://archive.org/download/GFSeason1/Episode%209.mp4|https://archive.org/download/GFSeason1/Episode%209.ia.mp4
40075,1,10,https://archive.org/download/GFSeason1/Episode%2010.mp4|https://archive.org/download/GFSeason1/Episode%2010.ia.mp4
40075,1,11,https://archive.org/download/GFSeason1/Episode%2011.mp4|https://archive.org/download/GFSeason1/Episode%2011.ia.mp4
40075,1,12,https://archive.org/download/GFSeason1/Episode%2012.mp4|https://archive.org/download/GFSeason1/Episode%2012.ia.mp4
40075,1,13,https://archive.org/download/GFSeason1/Episode%2013.mp4|https://archive.org/download/GFSeason1/Episode%2013.ia.mp4
40075,1,14,https://archive.org/download/GFSeason1/Episode%2014.mp4|https://archive.org/download/GFSeason1/Episode%2014.ia.mp4
40075,1,15,https://archive.org/download/GFSeason1/Episode%2015.mp4|https://archive.org/download/GFSeason1/Episode%2015.ia.mp4
40075,1,16,https://archive.org/download/GFSeason1/Episode%2016.mp4|https://archive.org/download/GFSeason1/Episode%2016.ia.mp4
40075,1,17,https://archive.org/download/GFSeason1/Episode%2017.mp4|https://archive.org/download/GFSeason1/Episode%2017.ia.mp4
40075,1,18,https://archive.org/download/GFSeason1/Episode%2018.mp4|https://archive.org/download/GFSeason1/Episode%2018.ia.mp4
40075,1,19,https://archive.org/download/GFSeason1/Episode%2019.mp4|https://archive.org/download/GFSeason1/Episode%2019.ia.mp4
40075,1,20,https://archive.org/download/GFSeason1/Episode%2020.mp4|https://archive.org/download/GFSeason1/Episode%2020.ia.mp4
40075,2,1,https://archive.org/download/GFSeason2/Episode%201.mp4|https://archive.org/download/GFSeason2/Episode%201.ia.mp4
40075,2,2,https://archive.org/download/GFSeason2/Episode%202.mp4|https://archive.org/download/GFSeason2/Episode%202.ia.mp4
40075,2,3,https://archive.org/download/GFSeason2/Episode%203.mp4|https://archive.org/download/GFSeason2/Episode%203.ia.mp4
40075,2,4,https://archive.org/download/GFSeason2/Episode%204.mp4|https://archive.org/download/GFSeason2/Episode%204.ia.mp4
40075,2,5,https://archive.org/download/GFSeason2/Episode%205.mp4|https://archive.org/download/GFSeason2/Episode%205.ia.mp4
40075,2,6,https://archive.org/download/GFSeason2/Episode%206.mp4|https://archive.org/download/GFSeason2/Episode%206.ia.mp4
40075,2,7,https://archive.org/download/GFSeason2/Episode%207.mp4|https://archive.org/download/GFSeason2/Episode%207.ia.mp4
40075,2,8,https://archive.org/download/GFSeason2/Episode%208.mp4|https://archive.org/download/GFSeason2/Episode%208.ia.mp4
40075,2,9,https://archive.org/download/GFSeason2/Episode%209.mp4|https://archive.org/download/GFSeason2/Episode%209.ia.mp4
40075,2,10,https://archive.org/download/GFSeason2/Episode%2010.mp4|https://archive.org/download/GFSeason2/Episode%2010.ia.mp4
40075,2,11,https://archive.org/download/GFSeason2/Episode%2011.mp4|https://archive.org/download/GFSeason2/Episode%2011.ia.mp4
40075,2,12,https://archive.org/download/GFSeason2/Episode%2012.mp4|https://archive.org/download/GFSeason2/Episode%2012.ia.mp4
40075,2,13,https://archive.org/download/GFSeason2/Episode%2013.mp4|https://archive.org/download/GFSeason2/Episode%2013.ia.mp4
40075,2,14,https://archive.org/download/GFSeason2/Episode%2014.mp4|https://archive.org/download/GFSeason2/Episode%2014.ia.mp4
40075,2,15,https://archive.org/download/GFSeason2/Episode%2015.mp4|https://archive.org/download/GFSeason2/Episode%2015.ia.mp4
40075,2,16,https://archive.org/download/GFSeason2/Episode%2016.mp4|https://archive.org/download/GFSeason2/Episode%2016.ia.mp4
40075,2,17,https://archive.org/download/GFSeason2/Episode%2017.mp4|https://archive.org/download/GFSeason2/Episode%2017.ia.mp4
40075,2,18,https://archive.org/download/GFSeason2/Episode%2018.mp4|https://archive.org/download/GFSeason2/Episode%2018.ia.mp4
40075,2,19,https://archive.org/download/GFSeason2/Episode%2019.mp4|https://archive.org/download/GFSeason2/Episode%2019.ia.mp4
40075,2,20,https://archive.org/download/GFSeason2/Episode%2020.mp4|https://archive.org/download/GFSeason2/Episode%2020.ia.mp4
40075,0,1,https://archive.org/download/GFExtras/Extras/Extra%201.mp4|https://archive.org/download/GFExtras/Extras/Extra%201.ia.mp4
40075,0,2,https://archive.org/download/GFExtras/Extras/Extra%202.mp4|https://archive.org/download/GFExtras/Extras/Extra%202.ia.mp4
40075,0,3,https://archive.org/download/GFExtras/Extras/Extra%203.mp4|https://archive.org/download/GFExtras/Extras/Extra%203.ia.mp4
40075,0,4,https://archive.org/download/GFExtras/Extras/Extra%204.mp4|https://archive.org/download/GFExtras/Extras/Extra%204.ia.mp4
40075,0,5,https://archive.org/download/GFExtras/Extras/Extra%205.mp4|https://archive.org/download/GFExtras/Extras/Extra%205.ia.mp4
40075,0,6,https://archive.org/download/GFExtras/Extras/Extra%206.mp4|https://archive.org/download/GFExtras/Extras/Extra%206.ia.mp4
40075,0,7,https://archive.org/download/GFExtras/Extras/Extra%207.mp4|https://archive.org/download/GFExtras/Extras/Extra%207.ia.mp4
40075,0,8,https://archive.org/download/GFExtras/Extras/Extra%208.mp4|https://archive.org/download/GFExtras/Extras/Extra%208.ia.mp4
40075,0,9,https://archive.org/download/GFExtras/Extras/Extra%209.mp4|https://archive.org/download/GFExtras/Extras/Extra%209.ia.mp4
40075,0,10,https://archive.org/download/GFExtras/Extras/Extra%2010.mp4|https://archive.org/download/GFExtras/Extras/Extra%2010.ia.mp4
40075,0,11,https://archive.org/download/GFExtras/Extras/Extra%2011.mp4|https://archive.org/download/GFExtras/Extras/Extra%2011.ia.mp4
40075,0,12,https://archive.org/download/GFExtras/Extras/Extra%2012.mp4|https://archive.org/download/GFExtras/Extras/Extra%2012.ia.mp4
40075,0,13,https://archive.org/download/GFExtras/Extras/Extra%2013.mp4|https://archive.org/download/GFExtras/Extras/Extra%2013.ia.mp4
40075,0,14,https://archive.org/download/GFExtras/Extras/Extra%2014.mp4|https://archive.org/download/GFExtras/Extras/Extra%2014.ia.mp4
40075,0,15,https://archive.org/download/GFExtras/Extras/Extra%2015.mp4|https://archive.org/download/GFExtras/Extras/Extra%2015.ia.mp4
40075,0,16,https://archive.org/download/GFExtras/Extras/Extra%2016.mp4|https://archive.org/download/GFExtras/Extras/Extra%2016.ia.mp4
40075,0,17,https://archive.org/download/GFExtras/Extras/Extra%2017.mp4|https://archive.org/download/GFExtras/Extras/Extra%2017.ia.mp4
40075,0,18,https://archive.org/download/GFExtras/Extras/Extra%2018.mp4|https://archive.org/download/GFExtras/Extras/Extra%2018.ia.mp4
40075,0,19,https://archive.org/download/GFExtras/Extras/Extra%2019.mp4|https://archive.org/download/GFExtras/Extras/Extra%2019.ia.mp4
40075,0,20,https://archive.org/download/GFExtras/Extras/Extra%2020.mp4|https://archive.org/download/GFExtras/Extras/Extra%2020.ia.mp4
40075,0,21,https://archive.org/download/GFExtras/Extras/Extra%2021.mp4|https://archive.org/download/GFExtras/Extras/Extra%2021.ia.mp4
40075,0,22,https://archive.org/download/GFExtras/Extras/Extra%2022.mp4|https://archive.org/download/GFExtras/Extras/Extra%2022.ia.mp4
40075,0,23,https://archive.org/download/GFExtras/Extras/Extra%2023.mp4|https://archive.org/download/GFExtras/Extras/Extra%2023.ia.mp4
40075,0,24,https://archive.org/download/GFExtras/Extras/Extra%2024.mp4|https://archive.org/download/GFExtras/Extras/Extra%2024.ia.mp4
40075,0,25,https://archive.org/download/GFExtras/Extras/Extra%2025.mp4|https://archive.org/download/GFExtras/Extras/Extra%2025.ia.mp4
40075,0,26,https://archive.org/download/GFExtras/Extras/Extra%2026.mp4|https://archive.org/download/GFExtras/Extras/Extra%2026.ia.mp4
40075,0,27,https://archive.org/download/GFExtras/Extras/Extra%2027.mp4|https://archive.org/download/GFExtras/Extras/Extra%2027.ia.mp4
40075,0,28,https://archive.org/download/GFExtras/Extras/Extra%2028.mp4|https://archive.org/download/GFExtras/Extras/Extra%2028.ia.mp4
40075,0,29,https://archive.org/download/GFExtras/Extras/Extra%2029.mp4|https://archive.org/download/GFExtras/Extras/Extra%2029.ia.mp4
40075,0,30,https://archive.org/download/GFExtras/Extras/Extra%2030.mp4|https://archive.org/download/GFExtras/Extras/Extra%2030.ia.mp4
40075,0,31,https://archive.org/download/GFExtras/Extras/Extra%2031.mp4|https://archive.org/download/GFExtras/Extras/Extra%2031.ia.mp4
40075,0,32,https://archive.org/download/GFExtras/Extras/Extra%2032.mp4|https://archive.org/download/GFExtras/Extras/Extra%2032.ia.mp4
40075,0,33,https://archive.org/download/GFExtras/Extras/Extra%2033.mp4|https://archive.org/download/GFExtras/Extras/Extra%2033.ia.mp4
40075,0,34,https://archive.org/download/GFExtras/Extras/Extra%2034.mp4|https://archive.org/download/GFExtras/Extras/Extra%2034.ia.mp4
40075,0,35,https://archive.org/download/GFExtras/Extras/Extra%2035.mp4|https://archive.org/download/GFExtras/Extras/Extra%2035.ia.mp4
40075,0,36,https://archive.org/download/GFExtras/Extras/Extra%2036.mp4|https://archive.org/download/GFExtras/Extras/Extra%2036.ia.mp4
40075,0,37,https://archive.org/download/GFExtras/Extras/Extra%2037.mp4|https://archive.org/download/GFExtras/Extras/Extra%2037.ia.mp4
40075,0,38,https://archive.org/download/GFExtras/Extras/Extra%2038.mp4|https://archive.org/download/GFExtras/Extras/Extra%2038.ia.mp4
40075,0,39,https://archive.org/download/GFExtras/Extras/Extra%2039.mp4|https://archive.org/download/GFExtras/Extras/Extra%2039.ia.mp4
40075,0,40,https://archive.org/download/GFExtras/Extras/Extra%2040.mp4|https://archive.org/download/GFExtras/Extras/Extra%2040.ia.mp4
40075,0,41,https://archive.org/download/GFExtras/Extras/Extra%2041.mp4|https://archive.org/download/GFExtras/Extras/Extra%2041.ia.mp4
40075,0,42,https://archive.org/download/GFExtras/Extras/Extra%2042.mp4|https://archive.org/download/GFExtras/Extras/Extra%2042.ia.mp4
40075,0,43,https://archive.org/download/GFExtras/Extras/Extra%2043.mp4|https://archive.org/download/GFExtras/Extras/Extra%2043.ia.mp4
40075,0,44,https://archive.org/download/GFExtras/Extras/Extra%2044.mp4|https://archive.org/download/GFExtras/Extras/Extra%2044.ia.mp4
40075,0,45,https://archive.org/download/GFExtras/Extras/Extra%2045.mp4|https://archive.org/download/GFExtras/Extras/Extra%2045.ia.mp4
40075,0,46,https://archive.org/download/GFExtras/Extras/Extra%2046.mp4|https://archive.org/download/GFExtras/Extras/Extra%2046.ia.mp4
40075,0,47,https://archive.org/download/GFExtras/Extras/Extra%2047.mp4|https://archive.org/download/GFExtras/Extras/Extra%2047.ia.mp4
40075,0,48,https://archive.org/download/GFExtras/Extras/Extra%2048.mp4|https://archive.org/download/GFExtras/Extras/Extra%2048.ia.mp4
40075,0,49,https://archive.org/download/GFExtras/Extras/Extra%2049.mp4|https://archive.org/download/GFExtras/Extras/Extra%2049.ia.mp4
40075,0,50,https://archive.org/download/GFExtras/Extras/Extra%2050.mp4|https://archive.org/download/GFExtras/Extras/Extra%2050.ia.mp4
40075,0,51,https://archive.org/download/GFExtras/Extras/Extra%2051.mp4
40075,0,52,https://archive.org/download/GFExtras/Extras/Extra%2052.mp4
40075,0,53,https://archive.org/download/GFExtras/Extras/Extra%2053.mp4|https://archive.org/download/GFExtras/Extras/Extra%2053.ia.mp4
40075,0,54,https://archive.org/download/GFExtras/Extras/Extra%2054.mp4|https://archive.org/download/GFExtras/Extras/Extra%2054.ia.mp4
40075,0,55,https://archive.org/download/GFExtras/Extras/Extra%2055.mp4|https://archive.org/download/GFExtras/Extras/Extra%2055.ia.mp4
40075,0,56,https://archive.org/download/GFExtras/Extras/Extra%2056.mp4|https://archive.org/download/GFExtras/Extras/Extra%2056.ia.mp4
40075,0,57,https://archive.org/download/GFExtras/Extras/Extra%2057.mp4
40075,0,58,https://archive.org/download/GFExtras/Extras/Extra%2058.mp4|https://archive.org/download/GFExtras/Extras/Extra%2058.ia.mp4
40075,0,59,https://archive.org/download/GFExtras/Extras/Extra%2059.mp4|https://archive.org/download/GFExtras/Extras/Extra%2059.ia.mp4
40075,0,60,https://archive.org/download/GFExtras/Extras/Extra%2060.mp4|https://archive.org/download/GFExtras/Extras/Extra%2060.ia.mp4
40075,0,61,https://archive.org/download/GFExtras/Extras/Extra%2061.mp4|https://archive.org/download/GFExtras/Extras/Extra%2061.ia.mp4
40075,0,62,https://archive.org/download/GFExtras/Extras/Extra%2062.mp4|https://archive.org/download/GFExtras/Extras/Extra%2062.ia.mp4
40075,0,63,https://archive.org/download/GFExtras/Extras/Extra%2063.mp4|https://archive.org/download/GFExtras/Extras/Extra%2063.ia.mp4
40075,0,64,https://archive.org/download/GFExtras/Extras/Extra%2064.mp4|https://archive.org/download/GFExtras/Extras/Extra%2064.ia.mp4
40075,0,65,https://archive.org/download/GFExtras/Extras/Extra%2065.mp4|https://archive.org/download/GFExtras/Extras/Extra%2065.ia.mp4
40075,0,66,https://archive.org/download/GFExtras/Extras/Extra%2066.mp4|https://archive.org/download/GFExtras/Extras/Extra%2066.ia.mp4
40075,0,67,https://archive.org/download/GFExtras/Extras/Extra%2067.mp4|https://archive.org/download/GFExtras/Extras/Extra%2067.ia.mp4
40075,0,68,https://archive.org/download/GFExtras/Extras/Extra%2068.mp4|https://archive.org/download/GFExtras/Extras/Extra%2068.ia.mp4
40075,0,69,https://archive.org/download/GFExtras/Extras/Extra%2069.mp4|https://archive.org/download/GFExtras/Extras/Extra%2069.ia.mp4
40075,0,70,https://archive.org/download/GFExtras/Extra%2070.mp4|https://archive.org/download/GFExtras/Extra%2070.ia.mp4
40075,0,71,https://archive.org/download/GFExtras/Extras/Extra%2071.mp4|https://archive.org/download/GFExtras/Extras/Extra%2071.ia.mp4
40075,0,72,https://archive.org/download/GFExtras/Extras/Extra%2072.mp4|https://archive.org/download/GFExtras/Extras/Extra%2072.ia.mp4
40075,0,73,https://archive.org/download/GFExtras/Extras/Extra%2073.mp4
40075,0,74,https://archive.org/download/GFExtras/Extras/Extra%2074.mp4|https://archive.org/download/GFExtras/Extras/Extra%2074.ia.mp4
40075,0,75,https://archive.org/download/GFExtras/Extras/Extra%2075.mp4|https://archive.org/download/GFExtras/Extras/Extra%2075.ia.mp4
40075,0,76,https://archive.org/download/GFExtras/Extras/Extra%2076.mp4|https://archive.org/download/GFExtras/Extras/Extra%2076.ia.mp4
40075,0,77,https://archive.org/download/GFExtras/Extras/Extra%2077.mp4|https://archive.org/download/GFExtras/Extras/Extra%2077.ia.mp4
40075,0,78,https://archive.org/download/GFExtras/Extras/Extra%2078.mp4|https://archive.org/download/GFExtras/Extras/Extra%2078.ia.mp4
40075,0,79,https://archive.org/download/GFExtras/Extras/Extra%2079.mp4|https://archive.org/download/GFExtras/Extras/Extra%2079.ia.mp4
40075,0,80,https://archive.org/download/GFExtras/Extras/Extra%2080.mp4|https://archive.org/download/GFExtras/Extras/Extra%2080.ia.mp4
40075,0,81,https://archive.org/download/GFExtras/Extras/Extra%2081.mp4|https://archive.org/download/GFExtras/Extras/Extra%2081.ia.mp4
40075,0,82,https://archive.org/download/GFExtras/Extras/Extra%2082.mp4|https://archive.org/download/GFExtras/Extras/Extra%2082.ia.mp4
40075,0,83,https://archive.org/download/GFExtras/Extras/Extra%2083.mp4|https://archive.org/download/GFExtras/Extras/Extra%2083.ia.mp4
40075,0,84,https://archive.org/download/GFExtras/Extras/Extra%2084.mp4|https://archive.org/download/GFExtras/Extras/Extra%2084.ia.mp4
40075,0,85,https://archive.org/download/GFExtras/Extras/Extra%2085.mp4|https://archive.org/download/GFExtras/Extras/Extra%2085.ia.mp4
40075,0,86,https://archive.org/download/GFExtras/Extras/Extra%2086.mp4|https://archive.org/download/GFExtras/Extras/Extra%2086.ia.mp4
40075,0,87,https://archive.org/download/GFExtras/Extras/Extra%2087.mp4|https://archive.org/download/GFExtras/Extras/Extra%2087.ia.mp4
40075,0,88,https://archive.org/download/GFExtras/Extras/Extra%2088.mp4|https://archive.org/download/GFExtras/Extras/Extra%2088.ia.mp4
40075,0,89,https://archive.org/download/GFExtras/Extras/Extra%2089.mp4
40075,0,90,https://archive.org/download/GFExtras/Extras/Extra%2090.mp4
40075,0,91,https://archive.org/download/GFExtras/Extras/Extra%2091.mp4
40075,0,92,https://archive.org/download/GFExtras/Extras/Extra%2092.mp4|https://archive.org/download/GFExtras/Extras/Extra%2092.ia.mp4
40075,0,93,https://archive.org/download/GFExtras/Extras/Extra%2093.mp4
40075,0,94,https://archive.org/download/GFExtras/Extras/Extra%2094.mp4
40075,0,95,https://archive.org/download/GFExtras/Extras/Extra%2095.mp4|https://archive.org/download/GFExtras/Extras/Extra%2095.ia.mp4
40075,0,96,https://archive.org/download/GFExtras/Extras/Extra%2096.mp4|https://archive.org/download/GFExtras/Extras/Extra%2096.ia.mp4
40075,0,97,https://archive.org/download/GFExtras/Extras/Extra%2097.mp4|https://archive.org/download/GFExtras/Extras/Extra%2097.ia.mp4
40075,0,98,https://archive.org/download/GFExtras/Extras/Extra%2098.mp4|https://archive.org/download/GFExtras/Extras/Extra%2098.ia.mp4
40075,0,99,https://archive.org/download/GFExtras/Extras/Extra%2099.mp4|https://archive.org/download/GFExtras/Extras/Extra%2099.ia.mp4
40075,0,100,https://archive.org/download/GFExtras/Extras/Extra%20100.mp4|https://archive.org/download/GFExtras/Extras/Extra%20100.ia.mp4
40075,0,101,https://archive.org/download/GFExtras/Extras/Extra%20101.mp4|https://archive.org/download/GFExtras/Extras/Extra%20101.ia.mp4
815,1,1,https://www.youtube.com/watch?v=QGvIB20VQfA&list=PLgZZ9Y_Cr272etBM8OLoU9zNqTv6Ro7_0
815,1,2,https://www.youtube.com/watch?v=c3pM9RBHj_c&list=PLgZZ9Y_Cr272etBM8OLoU9zNqTv6Ro7_0&index=2
815,1,3,https://www.youtube.com/watch?v=3NbciODq1pc&list=PLgZZ9Y_Cr272etBM8OLoU9zNqTv6Ro7_0&index=3
815,1,4,https://www.youtube.com/watch?v=ihZVOEov7WU&list=PLgZZ9Y_Cr272etBM8OLoU9zNqTv6Ro7_0&index=4
815,1,5,https://www.youtube.com/watch?v=H4CWsts2bO8&list=PLgZZ9Y_Cr272etBM8OLoU9zNqTv6Ro7_0&index=5
815,1,6,https://www.youtube.com/watch?v=8sqLuvyWfm4&list=PLgZZ9Y_Cr272etBM8OLoU9zNqTv6Ro7_0&index=6
815,2,1,https://www.youtube.com/watch?v=TkCEm-_p7UA&list=PLgZZ9Y_Cr273KXXlMvW8q5z_XJn-AZT4U
815,2,2,https://www.youtube.com/watch?v=eH-52FG60y4&list=PLgZZ9Y_Cr273KXXlMvW8q5z_XJn-AZT4U&index=2
815,2,3,https://www.youtube.com/watch?v=WcN3aBjnI0A&list=PLgZZ9Y_Cr273KXXlMvW8q5z_XJn-AZT4U&index=3
815,2,4,https://www.youtube.com/watch?v=yLIg-a73fIc&list=PLgZZ9Y_Cr273KXXlMvW8q5z_XJn-AZT4U&index=4
815,2,5,https://www.youtube.com/watch?v=3FFf3-hkM_w&list=PLgZZ9Y_Cr273KXXlMvW8q5z_XJn-AZT4U&index=5
815,2,6,https://www.youtube.com/watch?v=aatJUSmuVOk&list=PLgZZ9Y_Cr273KXXlMvW8q5z_XJn-AZT4U&index=6
815,3,1,https://www.youtube.com/watch?v=LaRTdku8gDo&list=PLgZZ9Y_Cr270MUqptq4kR76yrzACvZa8y
815,3,2,https://www.youtube.com/watch?v=_0G3mX24B68&list=PLgZZ9Y_Cr270MUqptq4kR76yrzACvZa8y&index=2
815,3,3,https://www.youtube.com/watch?v=-QOXAJKUmGI&list=PLgZZ9Y_Cr270MUqptq4kR76yrzACvZa8y&index=3
815,3,4,https://www.youtube.com/watch?v=BMGh9_R0kkQ&list=PLgZZ9Y_Cr270MUqptq4kR76yrzACvZa8y&index=4
815,3,5,https://www.youtube.com/watch?v=dzCRT6n6AxM&list=PLgZZ9Y_Cr270MUqptq4kR76yrzACvZa8y&index=5
815,3,6,https://www.youtube.com/watch?v=4pyxcuXl5nM&list=PLgZZ9Y_Cr270MUqptq4kR76yrzACvZa8y&index=6
815,4,1,https://www.youtube.com/watch?v=81Tg98sWdJw&list=PLgZZ9Y_Cr270Mp_hf7YC6wInRCp-hZzlS
815,4,2,https://www.youtube.com/watch?v=tL0symhUZ5w&list=PLgZZ9Y_Cr270Mp_hf7YC6wInRCp-hZzlS&index=2
815,4,3,https://www.youtube.com/watch?v=r0kWLbkBGII&list=PLgZZ9Y_Cr270Mp_hf7YC6wInRCp-hZzlS&index=3
815,4,4,https://www.youtube.com/watch?v=RsXGSx0RljA&list=PLgZZ9Y_Cr270Mp_hf7YC6wInRCp-hZzlS&index=4
815,4,5,https://www.youtube.com/watch?v=sxxz5QfS58g&list=PLgZZ9Y_Cr270Mp_hf7YC6wInRCp-hZzlS&index=5
815,4,6,https://www.youtube.com/watch?v=Yz7K07u4D04&list=PLgZZ9Y_Cr270Mp_hf7YC6wInRCp-hZzlS&index=6
815,5,1,https://www.youtube.com/watch?v=sqrKDqIvNs0&list=PLgZZ9Y_Cr272KTajnskapZoM7YwZ2PXHQ
815,5,2,https://www.youtube.com/watch?v=jvch-nmJe7s&list=PLgZZ9Y_Cr272KTajnskapZoM7YwZ2PXHQ&index=2
815,5,3,https://www.youtube.com/watch?v=H7SvoKxl_4o&list=PLgZZ9Y_Cr272KTajnskapZoM7YwZ2PXHQ&index=3
815,5,4,https://www.youtube.com/watch?v=1lnsz2_Vc84&list=PLgZZ9Y_Cr272KTajnskapZoM7YwZ2PXHQ&index=4
815,5,5,https://www.youtube.com/watch?v=-FnCIp4ndO4&list=PLgZZ9Y_Cr272KTajnskapZoM7YwZ2PXHQ&index=5
815,5,6,https://www.youtube.com/watch?v=WfNkSXiTBTc&list=PLgZZ9Y_Cr272KTajnskapZoM7YwZ2PXHQ&index=6
815,6,1,https://www.youtube.com/watch?v=qvtQtZ9eyGk&list=PLgZZ9Y_Cr272pZ8EWH0f7PlZSREmO8agY
815,6,2,https://www.youtube.com/watch?v=45nVtScCgkI&list=PLgZZ9Y_Cr272pZ8EWH0f7PlZSREmO8agY&index=2
815,6,3,https://www.youtube.com/watch?v=m5oKikOM-_M&list=PLgZZ9Y_Cr272pZ8EWH0f7PlZSREmO8agY&index=3
815,6,4,https://www.youtube.com/watch?v=GWOx2x1v3gw&list=PLgZZ9Y_Cr272pZ8EWH0f7PlZSREmO8agY&index=4
815,6,5,https://www.youtube.com/watch?v=p3dTxZDe7sg&list=PLgZZ9Y_Cr272pZ8EWH0f7PlZSREmO8agY&index=5
815,6,6,https://www.youtube.com/watch?v=OZb3lpO-sf0&list=PLgZZ9Y_Cr272pZ8EWH0f7PlZSREmO8agY&index=6
815,7,1,https://www.youtube.com/watch?v=6XoT6CQcuyc&list=PLgZZ9Y_Cr2733dybDuViieB8-PT7SQCLN
815,7,2,https://www.youtube.com/watch?v=Bb0-U-UrRhI&list=PLgZZ9Y_Cr2733dybDuViieB8-PT7SQCLN&index=2
815,7,3,https://www.youtube.com/watch?v=brO3eQurYvM&list=PLgZZ9Y_Cr2733dybDuViieB8-PT7SQCLN&index=3
815,7,4,https://www.youtube.com/watch?v=htEAbDaJdjc&list=PLgZZ9Y_Cr2733dybDuViieB8-PT7SQCLN&index=4
815,7,5,https://www.youtube.com/watch?v=9jaJkTtg9_I&list=PLgZZ9Y_Cr2733dybDuViieB8-PT7SQCLN&index=5
815,7,6,https://www.youtube.com/watch?v=3HqHkd-Kv3I&list=PLgZZ9Y_Cr2733dybDuViieB8-PT7SQCLN&index=6
815,8,1,https://www.youtube.com/watch?v=iGcAKm_iPqk&list=PLgZZ9Y_Cr272uV9QCG_qCAiwaxKGfesn7
815,8,2,https://www.youtube.com/watch?v=skKeVX9uM8o&list=PLgZZ9Y_Cr272uV9QCG_qCAiwaxKGfesn7&index=2
815,8,3,https://www.youtube.com/watch?v=CBs3YT8cCnY&list=PLgZZ9Y_Cr272uV9QCG_qCAiwaxKGfesn7&index=3
815,8,4,https://www.youtube.com/watch?v=sSILUbMu-ao&list=PLgZZ9Y_Cr272uV9QCG_qCAiwaxKGfesn7&index=4
815,8,5,https://www.youtube.com/watch?v=nhyzLOS9u38&list=PLgZZ9Y_Cr272uV9QCG_qCAiwaxKGfesn7&index=5
815,8,6,https://www.youtube.com/watch?v=JVRiw9er7YU&list=PLgZZ9Y_Cr272uV9QCG_qCAiwaxKGfesn7&index=6
815,9,1,https://www.youtube.com/watch?v=nQuYeXY2NyI&list=PLgZZ9Y_Cr270Ip3_bXUnA7ynl7xIhVo4q
815,9,2,https://www.youtube.com/watch?v=zflXXggJH3Q&list=PLgZZ9Y_Cr270Ip3_bXUnA7ynl7xIhVo4q&index=2
815,9,3,https://www.youtube.com/watch?v=0r_lwIFD3Bc&list=PLgZZ9Y_Cr270Ip3_bXUnA7ynl7xIhVo4q&index=3
815,9,4,https://www.youtube.com/watch?v=3g5H1fgHW3U&list=PLgZZ9Y_Cr270Ip3_bXUnA7ynl7xIhVo4q&index=4
815,9,5,https://www.youtube.com/watch?v=Q6Tihw7-x9Y&list=PLgZZ9Y_Cr270Ip3_bXUnA7ynl7xIhVo4q&index=5
815,9,6,https://www.youtube.com/watch?v=GHfZTr-UuG4&list=PLgZZ9Y_Cr270Ip3_bXUnA7ynl7xIhVo4q&index=6
85552,1,1,https://archive.org/download/EuphoriaSeasons/Season%201%20Episode%201.mp4|https://archive.org/download/EuphoriaSeasons/Season%201%20Episode%201.ia.mp4
85552,1,2,https://archive.org/download/EuphoriaSeasons/Season%201%20Episode%202.mp4|https://archive.org/download/EuphoriaSeasons/Season%201%20Episode%202.ia.mp4
85552,1,3,https://archive.org/download/EuphoriaSeasons/Season%201%20Episode%203.mp4|https://archive.org/download/EuphoriaSeasons/Season%201%20Episode%203.ia.mp4
85552,1,4,https://archive.org/download/EuphoriaSeasons/Season%201%20Episode%204.mp4|https://archive.org/download/EuphoriaSeasons/Season%201%20Episode%204.ia.mp4
85552,1,5,https://archive.org/download/EuphoriaSeasons/Season%201%20Episode%205.mp4|https://archive.org/download/EuphoriaSeasons/Season%201%20Episode%205.ia.mp4
85552,1,6,https://archive.org/download/EuphoriaSeasons/Season%201%20Episode%206.mp4|https://archive.org/download/EuphoriaSeasons/Season%201%20Episode%206.ia.mp4
85552,1,7,https://archive.org/download/EuphoriaSeasons/Season%201%20Episode%207.mp4|https://archive.org/download/EuphoriaSeasons/Season%201%20Episode%207.ia.mp4
85552,1,8,https://archive.org/download/EuphoriaSeasons/Season%201%20Episode%208.mp4|https://archive.org/download/EuphoriaSeasons/Season%201%20Episode%208.ia.mp4
85552,2,1,https://archive.org/download/EuphoriaSeasons/Season%202%20Episode%201.mp4|https://archive.org/download/EuphoriaSeasons/Season%202%20Episode%201.ia.mp4
85552,2,2,https://archive.org/download/EuphoriaSeasons/Season%202%20Episode%202.mp4|https://archive.org/download/EuphoriaSeasons/Season%202%20Episode%202.ia.mp4
85552,2,3,https://archive.org/download/EuphoriaSeasons/Season%202%20Episode%203.mp4|https://archive.org/download/EuphoriaSeasons/Season%202%20Episode%203.ia.mp4
85552,2,4,https://archive.org/download/EuphoriaSeasons/Season%202%20Episode%204.mp4|https://archive.org/download/EuphoriaSeasons/Season%202%20Episode%204.ia.mp4
85552,2,5,https://archive.org/download/EuphoriaSeasons/Season%202%20Episode%205.mp4|https://archive.org/download/EuphoriaSeasons/Season%202%20Episode%205.ia.mp4
85552,2,6,https://archive.org/download/EuphoriaSeasons/Season%202%20Episode%206.mp4|https://archive.org/download/EuphoriaSeasons/Season%202%20Episode%206.ia.mp4
85552,2,7,https://archive.org/download/EuphoriaSeasons/Season%202%20Episode%207.mp4|https://archive.org/download/EuphoriaSeasons/Season%202%20Episode%207.ia.mp4
85552,2,8,https://archive.org/download/EuphoriaSeasons/Season%202%20Episode%208.mp4|https://archive.org/download/EuphoriaSeasons/Season%202%20Episode%208.ia.mp4
85552,3,1,https://archive.org/download/EuphoriaSeasons/Season%203%20Episode%201.mp4|https://archive.org/download/EuphoriaSeasons/Season%203%20Episode%201.ia.mp4
85552,3,2,https://archive.org/download/EuphoriaSeasons/Season%203%20Episode%202.mp4|https://archive.org/download/EuphoriaSeasons/Season%203%20Episode%202.ia.mp4
85552,3,3,https://archive.org/download/EuphoriaSeasons/Season%203%20Episode%203.mp4|https://archive.org/download/EuphoriaSeasons/Season%203%20Episode%203.ia.mp4
85552,3,4,https://archive.org/download/EuphoriaSeasons/Season%203%20Episode%204.mp4|https://archive.org/download/EuphoriaSeasons/Season%203%20Episode%204.ia.mp4
85552,3,5,https://archive.org/download/EuphoriaSeasons/Season%203%20Episode%205.mp4|https://archive.org/download/EuphoriaSeasons/Season%203%20Episode%205.ia.mp4
